Workbook

Sheet NORMATIVOS
B1: Consolidado = 🟩 Proyeccion = 🟦 En Proceso = 🟨 No Adquirido = 🟥 | C1: Angel Babun | D1: Felix Mogollon
A2: PISO
A3: POSICIONES BÁSICAS Y FUERZA | B3: Postura de pie firme | C3: En proceso | D3: En proceso | E3: Proyección | F3: Proyección | G3: Proyección | H3: Proyección | I3: Proyección | J3: Proyección | K3: Proyección | L3: Proyección | M3: Proyección | N3: Proyección | O3: Proyección | P3: Proyección | Q3: Proyección | R3: Proyección | S3: Proyección | T3: Proyección | U3: Proyección | V3: Proyección | W3: Proyección | X3: Proyección | Y3: Proyección | Z3: Proyección
B4: Parado de hombros | C4: Consolidado | D4: En proceso | E4: Proyección | F4: Proyección | G4: Proyección | H4: Proyección | I4: Proyección | J4: Proyección | K4: Proyección | L4: Proyección | M4: Proyección | N4: Proyección | O4: Proyección | P4: Proyección | Q4: Proyección | R4: Proyección | S4: Proyección | T4: Proyección | U4: Proyección | V4: Proyección | W4: Proyección | X4: Proyección | Y4: Proyección | Z4: Proyección
B5: Parado de antebrazos | C5: Consolidado | D5: Consolidado | E5: Proyección | F5: Proyección | G5: Proyección | H5: Proyección | I5: Proyección | J5: Proyección | K5: Proyección | L5: Proyección | M5: Proyección | N5: Proyección | O5: Proyección | P5: Proyección | Q5: Proyección | R5: Proyección | S5: Proyección | T5: Proyección | U5: Proyección | V5: Proyección | W5: Proyección | X5: Proyección | Y5: Proyección | Z5: Proyección
B6: Parado de cabeza | C6: Consolidado | D6: Consolidado | E6: Proyección | F6: Proyección | G6: Proyección | H6: Proyección | I6: Proyección | J6: Proyección | K6: Proyección | L6: Proyección | M6: Proyección | N6: Proyección | O6: Proyección | P6: Proyección | Q6: Proyección | R6: Proyección | S6: Proyección | T6: Proyección | U6: Proyección | V6: Proyección | W6: Proyección | X6: Proyección | Y6: Proyección | Z6: Proyección
B7: Parado de manos en apoyo | C7: Consolidado | D7: En proceso | E7: Proyección | F7: Proyección | G7: Proyección | H7: Proyección | I7: Proyección | J7: Proyección | K7: Proyección | L7: Proyección | M7: Proyección | N7: Proyección | O7: Proyección | P7: Proyección | Q7: Proyección | R7: Proyección | S7: Proyección | T7: Proyección | U7: Proyección | V7: Proyección | W7: Proyección | X7: Proyección | Y7: Proyección | Z7: Proyección
B8: Parado de Manos | C8: En proceso | D8: En proceso | E8: Proyección | F8: Proyección | G8: Proyección | H8: Proyección | I8: Proyección | J8: Proyección | K8: Proyección | L8: Proyección | M8: Proyección | N8: Proyección | O8: Proyección | P8: Proyección | Q8: Proyección | R8: Proyección | S8: Proyección | T8: Proyección | U8: Proyección | V8: Proyección | W8: Proyección | X8: Proyección | Y8: Proyección | Z8: Proyección
B9: Split | C9: En proceso | D9: En proceso | E9: Proyección | F9: Proyección | G9: Proyección | H9: Proyección | I9: Proyección | J9: Proyección | K9: Proyección | L9: Proyección | M9: Proyección | N9: Proyección | O9: Proyección | P9: Proyección | Q9: Proyección | R9: Proyección | S9: Proyección | T9: Proyección | U9: Proyección | V9: Proyección | W9: Proyección | X9: Proyección | Y9: Proyección | Z9: Proyección
B10: Squat | C10: En proceso | D10: En proceso | E10: Proyección | F10: Proyección | G10: Proyección | H10: Proyección | I10: Proyección | J10: Proyección | K10: Proyección | L10: Proyección | M10: Proyección | N10: Proyección | O10: Proyección | P10: Proyección | Q10: Proyección | R10: Proyección | S10: Proyección | T10: Proyección | U10: Proyección | V10: Proyección | W10: Proyección | X10: Proyección | Y10: Proyección | Z10: Proyección
B11: Equilibrio a un pie (arabesca) | C11: Consolidado | D11: Consolidado | E11: Proyección | F11: Proyección | G11: Proyección | H11: Proyección | I11: Proyección | J11: Proyección | K11: Proyección | L11: Proyección | M11: Proyección | N11: Proyección | O11: Proyección | P11: Proyección | Q11: Proyección | R11: Proyección | S11: Proyección | T11: Proyección | U11: Proyección | V11: Proyección | W11: Proyección | X11: Proyección | Y11: Proyección | Z11: Proyección
B12: L sit | C12: Consolidado | D12: Consolidado | E12: Proyección | F12: Proyección | G12: Proyección | H12: Proyección | I12: Proyección | J12: Proyección | K12: Proyección | L12: Proyección | M12: Proyección | N12: Proyección | O12: Proyección | P12: Proyección | Q12: Proyección | R12: Proyección | S12: Proyección | T12: Proyección | U12: Proyección | V12: Proyección | W12: Proyección | X12: Proyección | Y12: Proyección | Z12: Proyección
B13: Sustentación en Arco | C13: Consolidado | D13: Consolidado | E13: Proyección | F13: Proyección | G13: Proyección | H13: Proyección | I13: Proyección | J13: Proyección | K13: Proyección | L13: Proyección | M13: Proyección | N13: Proyección | O13: Proyección | P13: Proyección | Q13: Proyección | R13: Proyección | S13: Proyección | T13: Proyección | U13: Proyección | V13: Proyección | W13: Proyección | X13: Proyección | Y13: Proyección | Z13: Proyección
B14: Soporte en escuadra endo | C14: Consolidado | D14: Consolidado | E14: Proyección | F14: Proyección | G14: Proyección | H14: Proyección | I14: Proyección | J14: Proyección | K14: Proyección | L14: Proyección | M14: Proyección | N14: Proyección | O14: Proyección | P14: Proyección | Q14: Proyección | R14: Proyección | S14: Proyección | T14: Proyección | U14: Proyección | V14: Proyección | W14: Proyección | X14: Proyección | Y14: Proyección | Z14: Proyección
B15: Kato de fuerza | C15: En proceso | D15: En proceso | E15: Proyección | F15: Proyección | G15: Proyección | H15: Proyección | I15: Proyección | J15: Proyección | K15: Proyección | L15: Proyección | M15: Proyección | N15: Proyección | O15: Proyección | P15: Proyección | Q15: Proyección | R15: Proyección | S15: Proyección | T15: Proyección | U15: Proyección | V15: Proyección | W15: Proyección | X15: Proyección | Y15: Proyección | Z15: Proyección
B16: Rodada Kato | C16: Consolidado | D16: En proceso | E16: Proyección | F16: Proyección | G16: Proyección | H16: Proyección | I16: Proyección | J16: Proyección | K16: Proyección | L16: Proyección | M16: Proyección | N16: Proyección | O16: Proyección | P16: Proyección | Q16: Proyección | R16: Proyección | S16: Proyección | T16: Proyección | U16: Proyección | V16: Proyección | W16: Proyección | X16: Proyección | Y16: Proyección | Z16: Proyección
A17: ACROBATICO HACÍA DELANTE | B17: Rodada adelanté | C17: Consolidado | D17: Consolidado | E17: Proyección | F17: Proyección | G17: Proyección | H17: Proyección | I17: Proyección | J17: Proyección | K17: Proyección | L17: Proyección | M17: Proyección | N17: Proyección | O17: Proyección | P17: Proyección | Q17: Proyección | R17: Proyección | S17: Proyección | T17: Proyección | U17: Proyección | V17: Proyección | W17: Proyección | X17: Proyección | Y17: Proyección | Z17: Proyección
B18: Vuelta de carro | C18: Consolidado | D18: Consolidado | E18: Proyección | F18: Proyección | G18: Proyección | H18: Proyección | I18: Proyección | J18: Proyección | K18: Proyección | L18: Proyección | M18: Proyección | N18: Proyección | O18: Proyección | P18: Proyección | Q18: Proyección | R18: Proyección | S18: Proyección | T18: Proyección | U18: Proyección | V18: Proyección | W18: Proyección | X18: Proyección | Y18: Proyección | Z18: Proyección
B19: Redondilla | C19: Consolidado | D19: Consolidado | E19: Proyección | F19: Proyección | G19: Proyección | H19: Proyección | I19: Proyección | J19: Proyección | K19: Proyección | L19: Proyección | M19: Proyección | N19: Proyección | O19: Proyección | P19: Proyección | Q19: Proyección | R19: Proyección | S19: Proyección | T19: Proyección | U19: Proyección | V19: Proyección | W19: Proyección | X19: Proyección | Y19: Proyección | Z19: Proyección
B20: Resorte a 2 pies | C20: Consolidado | D20: Consolidado | E20: Proyección | F20: Proyección | G20: Proyección | H20: Proyección | I20: Proyección | J20: Proyección | K20: Proyección | L20: Proyección | M20: Proyección | N20: Proyección | O20: Proyección | P20: Proyección | Q20: Proyección | R20: Proyección | S20: Proyección | T20: Proyección | U20: Proyección | V20: Proyección | W20: Proyección | X20: Proyección | Y20: Proyección | Z20: Proyección
B21: Resorte a 1 pie | C21: Consolidado | D21: Consolidado | E21: Proyección | F21: Proyección | G21: Proyección | H21: Proyección | I21: Proyección | J21: Proyección | K21: Proyección | L21: Proyección | M21: Proyección | N21: Proyección | O21: Proyección | P21: Proyección | Q21: Proyección | R21: Proyección | S21: Proyección | T21: Proyección | U21: Proyección | V21: Proyección | W21: Proyección | X21: Proyección | Y21: Proyección | Z21: Proyección
B22: Mortal adelante en C | C22: Consolidado | D22: Consolidado | E22: Proyección | F22: Proyección | G22: Proyección | H22: Proyección | I22: Proyección | J22: Proyección | K22: Proyección | L22: Proyección | M22: Proyección | N22: Proyección | O22: Proyección | P22: Proyección | Q22: Proyección | R22: Proyección | S22: Proyección | T22: Proyección | U22: Proyección | V22: Proyección | W22: Proyección | X22: Proyección | Y22: Proyección | Z22: Proyección
B23: Resorte 1 a 2 | C23: Consolidado | D23: Consolidado | E23: Proyección | F23: Proyección | G23: Proyección | H23: Proyección | I23: Proyección | J23: Proyección | K23: Proyección | L23: Proyección | M23: Proyección | N23: Proyección | O23: Proyección | P23: Proyección | Q23: Proyección | R23: Proyección | S23: Proyección | T23: Proyección | U23: Proyección | V23: Proyección | W23: Proyección | X23: Proyección | Y23: Proyección | Z23: Proyección
B24: Mortal adelante en V | C24: En proceso | D24: En proceso | E24: Proyección | F24: Proyección | G24: Proyección | H24: Proyección | I24: Proyección | J24: Proyección | K24: Proyección | L24: Proyección | M24: Proyección | N24: Proyección | O24: Proyección | P24: Proyección | Q24: Proyección | R24: Proyección | S24: Proyección | T24: Proyección | U24: Proyección | V24: Proyección | W24: Proyección | X24: Proyección | Y24: Proyección | Z24: Proyección
B25: Mortal extendido | C25: En proceso | D25: En proceso | E25: Proyección | F25: Proyección | G25: Proyección | H25: Proyección | I25: Proyección | J25: Proyección | K25: Proyección | L25: Proyección | M25: Proyección | N25: Proyección | O25: Proyección | P25: Proyección | Q25: Proyección | R25: Proyección | S25: Proyección | T25: Proyección | U25: Proyección | V25: Proyección | W25: Proyección | X25: Proyección | Y25: Proyección | Z25: Proyección
B26: Mortal rebote mortal | C26: Consolidado | D26: Consolidado | E26: Proyección | F26: Proyección | G26: Proyección | H26: Proyección | I26: Proyección | J26: Proyección | K26: Proyección | L26: Proyección | M26: Proyección | N26: Proyección | O26: Proyección | P26: Proyección | Q26: Proyección | R26: Proyección | S26: Proyección | T26: Proyección | U26: Proyección | V26: Proyección | W26: Proyección | X26: Proyección | Y26: Proyección | Z26: Proyección
B27: Doble mortal en C adelanté | C27: Proyección | D27: Proyección | E27: Proyección | F27: Proyección | G27: Proyección | H27: Proyección | I27: Proyección | J27: Proyección | K27: Proyección | L27: Proyección | M27: Proyección | N27: Proyección | O27: Proyección | P27: Proyección | Q27: Proyección | R27: Proyección | S27: Proyección | T27: Proyección | U27: Proyección | V27: Proyección | W27: Proyección | X27: Proyección | Y27: Proyección | Z27: Proyección
A28: ACROBATICO HACÍA ATRÁS | B28: Rodada atras | C28: Consolidado | D28: Consolidado | E28: Proyección | F28: Proyección | G28: Proyección | H28: Proyección | I28: Proyección | J28: Proyección | K28: Proyección | L28: Proyección | M28: Proyección | N28: Proyección | O28: Proyección | P28: Proyección | Q28: Proyección | R28: Proyección | S28: Proyección | T28: Proyección | U28: Proyección | V28: Proyección | W28: Proyección | X28: Proyección | Y28: Proyección | Z28: Proyección
B29: Rodada atrás a parado de manos | C29: Consolidado | D29: Consolidado | E29: Proyección | F29: Proyección | G29: Proyección | H29: Proyección | I29: Proyección | J29: Proyección | K29: Proyección | L29: Proyección | M29: Proyección | N29: Proyección | O29: Proyección | P29: Proyección | Q29: Proyección | R29: Proyección | S29: Proyección | T29: Proyección | U29: Proyección | V29: Proyección | W29: Proyección | X29: Proyección | Y29: Proyección | Z29: Proyección
B30: Flic flac | C30: Consolidado | D30: En proceso | E30: Proyección | F30: Proyección | G30: Proyección | H30: Proyección | I30: Proyección | J30: Proyección | K30: Proyección | L30: Proyección | M30: Proyección | N30: Proyección | O30: Proyección | P30: Proyección | Q30: Proyección | R30: Proyección | S30: Proyección | T30: Proyección | U30: Proyección | V30: Proyección | W30: Proyección | X30: Proyección | Y30: Proyección | Z30: Proyección
B31: Doble flic | C31: Consolidado | D31: En proceso | E31: Proyección | F31: Proyección | G31: Proyección | H31: Proyección | I31: Proyección | J31: Proyección | K31: Proyección | L31: Proyección | M31: Proyección | N31: Proyección | O31: Proyección | P31: Proyección | Q31: Proyección | R31: Proyección | S31: Proyección | T31: Proyección | U31: Proyección | V31: Proyección | W31: Proyección | X31: Proyección | Y31: Proyección | Z31: Proyección
B32: Mortal atras en C desde Redondilla | C32: Consolidado | D32: Consolidado | E32: Proyección | F32: Proyección | G32: Proyección | H32: Proyección | I32: Proyección | J32: Proyección | K32: Proyección | L32: Proyección | M32: Proyección | N32: Proyección | O32: Proyección | P32: Proyección | Q32: Proyección | R32: Proyección | S32: Proyección | T32: Proyección | U32: Proyección | V32: Proyección | W32: Proyección | X32: Proyección | Y32: Proyección | Z32: Proyección
B33: Mortal atras en C desde Flic flac | C33: En proceso | D33: En proceso | E33: Proyección | F33: Proyección | G33: Proyección | H33: Proyección | I33: Proyección | J33: Proyección | K33: Proyección | L33: Proyección | M33: Proyección | N33: Proyección | O33: Proyección | P33: Proyección | Q33: Proyección | R33: Proyección | S33: Proyección | T33: Proyección | U33: Proyección | V33: Proyección | W33: Proyección | X33: Proyección | Y33: Proyección | Z33: Proyección
B34: Mortal en V atras | C34: En proceso | D34: En proceso | E34: Proyección | F34: Proyección | G34: Proyección | H34: Proyección | I34: Proyección | J34: Proyección | K34: Proyección | L34: Proyección | M34: Proyección | N34: Proyección | O34: Proyección | P34: Proyección | Q34: Proyección | R34: Proyección | S34: Proyección | T34: Proyección | U34: Proyección | V34: Proyección | W34: Proyección | X34: Proyección | Y34: Proyección | Z34: Proyección
B35: Mortal extendido atras | C35: En proceso | D35: En proceso | E35: Proyección | F35: Proyección | G35: Proyección | H35: Proyección | I35: Proyección | J35: Proyección | K35: Proyección | L35: Proyección | M35: Proyección | N35: Proyección | O35: Proyección | P35: Proyección | Q35: Proyección | R35: Proyección | S35: Proyección | T35: Proyección | U35: Proyección | V35: Proyección | W35: Proyección | X35: Proyección | Y35: Proyección | Z35: Proyección
B36: Power flic (Tempo) | C36: En proceso | D36: En proceso | E36: Proyección | F36: Proyección | G36: Proyección | H36: Proyección | I36: Proyección | J36: Proyección | K36: Proyección | L36: Proyección | M36: Proyección | N36: Proyección | O36: Proyección | P36: Proyección | Q36: Proyección | R36: Proyección | S36: Proyección | T36: Proyección | U36: Proyección | V36: Proyección | W36: Proyección | X36: Proyección | Y36: Proyección | Z36: Proyección
B37: Doble mortal atrás en C | C37: Proyección | D37: Proyección | E37: Proyección | F37: Proyección | G37: Proyección | H37: Proyección | I37: Proyección | J37: Proyección | K37: Proyección | L37: Proyección | M37: Proyección | N37: Proyección | O37: Proyección | P37: Proyección | Q37: Proyección | R37: Proyección | S37: Proyección | T37: Proyección | U37: Proyección | V37: Proyección | W37: Proyección | X37: Proyección | Y37: Proyección | Z37: Proyección
A38: ACROBATICO CON GIRO | B38: Mortal extendido atras con 1/2 giro | C38: En proceso | D38: En proceso | E38: Proyección | F38: Proyección | G38: Proyección | H38: Proyección | I38: Proyección | J38: Proyección | K38: Proyección | L38: Proyección | M38: Proyección | N38: Proyección | O38: Proyección | P38: Proyección | Q38: Proyección | R38: Proyección | S38: Proyección | T38: Proyección | U38: Proyección | V38: Proyección | W38: Proyección | X38: Proyección | Y38: Proyección | Z38: Proyección
B39: Mortal extendido atras con un giro | C39: En proceso | D39: En proceso | E39: Proyección | F39: Proyección | G39: Proyección | H39: Proyección | I39: Proyección | J39: Proyección | K39: Proyección | L39: Proyección | M39: Proyección | N39: Proyección | O39: Proyección | P39: Proyección | Q39: Proyección | R39: Proyección | S39: Proyección | T39: Proyección | U39: Proyección | V39: Proyección | W39: Proyección | X39: Proyección | Y39: Proyección | Z39: Proyección
B40: Mortal agrupado adelanté con 1/2 giro | C40: En proceso | D40: En proceso | E40: Proyección | F40: Proyección | G40: Proyección | H40: Proyección | I40: Proyección | J40: Proyección | K40: Proyección | L40: Proyección | M40: Proyección | N40: Proyección | O40: Proyección | P40: Proyección | Q40: Proyección | R40: Proyección | S40: Proyección | T40: Proyección | U40: Proyección | V40: Proyección | W40: Proyección | X40: Proyección | Y40: Proyección | Z40: Proyección
B41: Mortal agrupado adelanté con 1 giro | C41: En proceso | D41: En proceso | E41: Proyección | F41: Proyección | G41: Proyección | H41: Proyección | I41: Proyección | J41: Proyección | K41: Proyección | L41: Proyección | M41: Proyección | N41: Proyección | O41: Proyección | P41: Proyección | Q41: Proyección | R41: Proyección | S41: Proyección | T41: Proyección | U41: Proyección | V41: Proyección | W41: Proyección | X41: Proyección | Y41: Proyección | Z41: Proyección
B42: Varani | C42: N/A | D42: N/A | E42: Proyección | F42: Proyección | G42: Proyección | H42: Proyección | I42: Proyección | J42: Proyección | K42: Proyección | L42: Proyección | M42: Proyección | N42: Proyección | O42: Proyección | P42: Proyección | Q42: Proyección | R42: Proyección | S42: Proyección | T42: Proyección | U42: Proyección | V42: Proyección | W42: Proyección | X42: Proyección | Y42: Proyección | Z42: Proyección
B43: Mortal extendido adelanté con 1 giro | C43: En proceso | D43: En proceso | E43: Proyección | F43: Proyección | G43: Proyección | H43: Proyección | I43: Proyección | J43: Proyección | K43: Proyección | L43: Proyección | M43: Proyección | N43: Proyección | O43: Proyección | P43: Proyección | Q43: Proyección | R43: Proyección | S43: Proyección | T43: Proyección | U43: Proyección | V43: Proyección | W43: Proyección | X43: Proyección | Y43: Proyección | Z43: Proyección
B44: Mortal extendido atras con 1 1/2 giro | C44: En proceso | D44: En proceso | E44: Proyección | F44: Proyección | G44: Proyección | H44: Proyección | I44: Proyección | J44: Proyección | K44: Proyección | L44: Proyección | M44: Proyección | N44: Proyección | O44: Proyección | P44: Proyección | Q44: Proyección | R44: Proyección | S44: Proyección | T44: Proyección | U44: Proyección | V44: Proyección | W44: Proyección | X44: Proyección | Y44: Proyección | Z44: Proyección
B45: Mortal extendido atrás con 2 giros | C45: N/A | D45: En proceso | E45: Proyección | F45: Proyección | G45: Proyección | H45: Proyección | I45: Proyección | J45: Proyección | K45: Proyección | L45: Proyección | M45: Proyección | N45: Proyección | O45: Proyección | P45: Proyección | Q45: Proyección | R45: Proyección | S45: Proyección | T45: Proyección | U45: Proyección | V45: Proyección | W45: Proyección | X45: Proyección | Y45: Proyección | Z45: Proyección
B46: Mortal extendido adelante con 1 1/2 giro | C46: En proceso | D46: En proceso | E46: Proyección | F46: Proyección | G46: Proyección | H46: Proyección | I46: Proyección | J46: Proyección | K46: Proyección | L46: Proyección | M46: Proyección | N46: Proyección | O46: Proyección | P46: Proyección | Q46: Proyección | R46: Proyección | S46: Proyección | T46: Proyección | U46: Proyección | V46: Proyección | W46: Proyección | X46: Proyección | Y46: Proyección | Z46: Proyección
A48: ARZON
A49: HONGO | B49: Posturas básicas de apoyo e impulso | C49: Consolidado | D49: Consolidado | E49: Proyección | F49: Proyección | G49: Proyección | H49: Proyección | I49: Proyección | J49: Proyección | K49: Proyección | L49: Proyección | M49: Proyección | N49: Proyección | O49: Proyección | P49: Proyección | Q49: Proyección | R49: Proyección | S49: Proyección | T49: Proyección | U49: Proyección | V49: Proyección | W49: Proyección | X49: Proyección | Y49: Proyección | Z49: Proyección
B50: 1/4 de circulo | C50: Consolidado | D50: Consolidado | E50: Proyección | F50: Proyección | G50: Proyección | H50: Proyección | I50: Proyección | J50: Proyección | K50: Proyección | L50: Proyección | M50: Proyección | N50: Proyección | O50: Proyección | P50: Proyección | Q50: Proyección | R50: Proyección | S50: Proyección | T50: Proyección | U50: Proyección | V50: Proyección | W50: Proyección | X50: Proyección | Y50: Proyección | Z50: Proyección
B51: 1/2 de circulo | C51: Consolidado | D51: Consolidado | E51: Proyección | F51: Proyección | G51: Proyección | H51: Proyección | I51: Proyección | J51: Proyección | K51: Proyección | L51: Proyección | M51: Proyección | N51: Proyección | O51: Proyección | P51: Proyección | Q51: Proyección | R51: Proyección | S51: Proyección | T51: Proyección | U51: Proyección | V51: Proyección | W51: Proyección | X51: Proyección | Y51: Proyección | Z51: Proyección
B52: 3/4 de circulo | C52: Consolidado | D52: Consolidado | E52: Proyección | F52: Proyección | G52: Proyección | H52: Proyección | I52: Proyección | J52: Proyección | K52: Proyección | L52: Proyección | M52: Proyección | N52: Proyección | O52: Proyección | P52: Proyección | Q52: Proyección | R52: Proyección | S52: Proyección | T52: Proyección | U52: Proyección | V52: Proyección | W52: Proyección | X52: Proyección | Y52: Proyección | Z52: Proyección
B53: 1 circulo | C53: Consolidado | D53: Consolidado | E53: Proyección | F53: Proyección | G53: Proyección | H53: Proyección | I53: Proyección | J53: Proyección | K53: Proyección | L53: Proyección | M53: Proyección | N53: Proyección | O53: Proyección | P53: Proyección | Q53: Proyección | R53: Proyección | S53: Proyección | T53: Proyección | U53: Proyección | V53: Proyección | W53: Proyección | X53: Proyección | Y53: Proyección | Z53: Proyección
B54: 2 circulos | C54: Consolidado | D54: Consolidado | E54: Proyección | F54: Proyección | G54: Proyección | H54: Proyección | I54: Proyección | J54: Proyección | K54: Proyección | L54: Proyección | M54: Proyección | N54: Proyección | O54: Proyección | P54: Proyección | Q54: Proyección | R54: Proyección | S54: Proyección | T54: Proyección | U54: Proyección | V54: Proyección | W54: Proyección | X54: Proyección | Y54: Proyección | Z54: Proyección
B55: 3 circulos | C55: Consolidado | D55: Consolidado | E55: Proyección | F55: Proyección | G55: Proyección | H55: Proyección | I55: Proyección | J55: Proyección | K55: Proyección | L55: Proyección | M55: Proyección | N55: Proyección | O55: Proyección | P55: Proyección | Q55: Proyección | R55: Proyección | S55: Proyección | T55: Proyección | U55: Proyección | V55: Proyección | W55: Proyección | X55: Proyección | Y55: Proyección | Z55: Proyección
B56: 4 circulos | C56: Consolidado | D56: Consolidado | E56: Proyección | F56: Proyección | G56: Proyección | H56: Proyección | I56: Proyección | J56: Proyección | K56: Proyección | L56: Proyección | M56: Proyección | N56: Proyección | O56: Proyección | P56: Proyección | Q56: Proyección | R56: Proyección | S56: Proyección | T56: Proyección | U56: Proyección | V56: Proyección | W56: Proyección | X56: Proyección | Y56: Proyección | Z56: Proyección
B57: 5 circulos | C57: Consolidado | D57: Consolidado | E57: Proyección | F57: Proyección | G57: Proyección | H57: Proyección | I57: Proyección | J57: Proyección | K57: Proyección | L57: Proyección | M57: Proyección | N57: Proyección | O57: Proyección | P57: Proyección | Q57: Proyección | R57: Proyección | S57: Proyección | T57: Proyección | U57: Proyección | V57: Proyección | W57: Proyección | X57: Proyección | Y57: Proyección | Z57: Proyección
B58: Salida finlandesa | C58: Proyección | D58: Proyección | E58: Proyección | F58: Proyección | G58: Proyección | H58: Proyección | I58: Proyección | J58: Proyección | K58: Proyección | L58: Proyección | M58: Proyección | N58: Proyección | O58: Proyección | P58: Proyección | Q58: Proyección | R58: Proyección | S58: Proyección | T58: Proyección | U58: Proyección | V58: Proyección | W58: Proyección | X58: Proyección | Y58: Proyección | Z58: Proyección
B59: Splindle | C59: Consolidado | D59: Consolidado | E59: Proyección | F59: Proyección | G59: Proyección | H59: Proyección | I59: Proyección | J59: Proyección | K59: Proyección | L59: Proyección | M59: Proyección | N59: Proyección | O59: Proyección | P59: Proyección | Q59: Proyección | R59: Proyección | S59: Proyección | T59: Proyección | U59: Proyección | V59: Proyección | W59: Proyección | X59: Proyección | Y59: Proyección | Z59: Proyección
B60: Thomas Flair | C60: En proceso | D60: En proceso | E60: Proyección | F60: Proyección | G60: Proyección | H60: Proyección | I60: Proyección | J60: Proyección | K60: Proyección | L60: Proyección | M60: Proyección | N60: Proyección | O60: Proyección | P60: Proyección | Q60: Proyección | R60: Proyección | S60: Proyección | T60: Proyección | U60: Proyección | V60: Proyección | W60: Proyección | X60: Proyección | Y60: Proyección | Z60: Proyección
B61: Cheka | C61: Consolidado | D61: Consolidado | E61: Proyección | F61: Proyección | G61: Proyección | H61: Proyección | I61: Proyección | J61: Proyección | K61: Proyección | L61: Proyección | M61: Proyección | N61: Proyección | O61: Proyección | P61: Proyección | Q61: Proyección | R61: Proyección | S61: Proyección | T61: Proyección | U61: Proyección | V61: Proyección | W61: Proyección | X61: Proyección | Y61: Proyección | Z61: Proyección
... B64: Rusa | C64: Proyección | D64: Proyección | E64: Proyección | F64: Proyección | G64: Proyección | H64: Proyección | I64: Proyección | J64: Proyección | K64: Proyección | L64: Proyección | M64: Proyección | N64: Proyección | O64: Proyección | P64: Proyección | Q64: Proyección | R64: Proyección | S64: Proyección | T64: Proyección | U64: Proyección | V64: Proyección | W64: Proyección | X64: Proyección | Y64: Proyección | Z64: Proyección
A65: CABALLO SIN ARZON | B65: 1/2 Circulo | C65: Consolidado | D65: Consolidado | E65: Proyección | F65: Proyección | G65: Proyección | H65: Proyección | I65: Proyección | J65: Proyección | K65: Proyección | L65: Proyección | M65: Proyección | N65: Proyección | O65: Proyección | P65: Proyección | Q65: Proyección | R65: Proyección | S65: Proyección | T65: Proyección | U65: Proyección | V65: Proyección | W65: Proyección | X65: Proyección | Y65: Proyección | Z65: Proyección
B66: Circulo | C66: Consolidado | D66: Consolidado | E66: Proyección | F66: Proyección | G66: Proyección | H66: Proyección | I66: Proyección | J66: Proyección | K66: Proyección | L66: Proyección | M66: Proyección | N66: Proyección | O66: Proyección | P66: Proyección | Q66: Proyección | R66: Proyección | S66: Proyección | T66: Proyección | U66: Proyección | V66: Proyección | W66: Proyección | X66: Proyección | Y66: Proyección | Z66: Proyección
B67: Thomas Flair | C67: Consolidado | D67: Consolidado | E67: Proyección | F67: Proyección | G67: Proyección | H67: Proyección | I67: Proyección | J67: Proyección | K67: Proyección | L67: Proyección | M67: Proyección | N67: Proyección | O67: Proyección | P67: Proyección | Q67: Proyección | R67: Proyección | S67: Proyección | T67: Proyección | U67: Proyección | V67: Proyección | W67: Proyección | X67: Proyección | Y67: Proyección | Z67: Proyección
B68: 1/4 de Kehr | C68: Consolidado | D68: Consolidado | E68: Proyección | F68: Proyección | G68: Proyección | H68: Proyección | I68: Proyección | J68: Proyección | K68: Proyección | L68: Proyección | M68: Proyección | N68: Proyección | O68: Proyección | P68: Proyección | Q68: Proyección | R68: Proyección | S68: Proyección | T68: Proyección | U68: Proyección | V68: Proyección | W68: Proyección | X68: Proyección | Y68: Proyección | Z68: Proyección
B69: 1/2 Splindle | C69: Consolidado | D69: Consolidado | E69: Proyección | F69: Proyección | G69: Proyección | H69: Proyección | I69: Proyección | J69: Proyección | K69: Proyección | L69: Proyección | M69: Proyección | N69: Proyección | O69: Proyección | P69: Proyección | Q69: Proyección | R69: Proyección | S69: Proyección | T69: Proyección | U69: Proyección | V69: Proyección | W69: Proyección | X69: Proyección | Y69: Proyección | Z69: Proyección
B70: Salida finlandesa | C70: Consolidado | D70: Consolidado | E70: Proyección | F70: Proyección | G70: Proyección | H70: Proyección | I70: Proyección | J70: Proyección | K70: Proyección | L70: Proyección | M70: Proyección | N70: Proyección | O70: Proyección | P70: Proyección | Q70: Proyección | R70: Proyección | S70: Proyección | T70: Proyección | U70: Proyección | V70: Proyección | W70: Proyección | X70: Proyección | Y70: Proyección | Z70: Proyección
B71: Cheka | C71: Consolidado | D71: Consolidado | E71: Proyección | F71: Proyección | G71: Proyección | H71: Proyección | I71: Proyección | J71: Proyección | K71: Proyección | L71: Proyección | M71: Proyección | N71: Proyección | O71: Proyección | P71: Proyección | Q71: Proyección | R71: Proyección | S71: Proyección | T71: Proyección | U71: Proyección | V71: Proyección | W71: Proyección | X71: Proyección | Y71: Proyección | Z71: Proyección
B72: Stöckli | C72: En proceso | D72: En proceso | E72: Proyección | F72: Proyección | G72: Proyección | H72: Proyección | I72: Proyección | J72: Proyección | K72: Proyección | L72: Proyección | M72: Proyección | N72: Proyección | O72: Proyección | P72: Proyección | Q72: Proyección | R72: Proyección | S72: Proyección | T72: Proyección | U72: Proyección | V72: Proyección | W72: Proyección | X72: Proyección | Y72: Proyección | Z72: Proyección
B73: 1/2 Magyar | C73: En proceso | D73: Consolidado | E73: Proyección | F73: Proyección | G73: Proyección | H73: Proyección | I73: Proyección | J73: Proyección | K73: Proyección | L73: Proyección | M73: Proyección | N73: Proyección | O73: Proyección | P73: Proyección | Q73: Proyección | R73: Proyección | S73: Proyección | T73: Proyección | U73: Proyección | V73: Proyección | W73: Proyección | X73: Proyección | Y73: Proyección | Z73: Proyección
B74: 1/2 Sivado | C74: En proceso | D74: Consolidado | E74: Proyección | F74: Proyección | G74: Proyección | H74: Proyección | I74: Proyección | J74: Proyección | K74: Proyección | L74: Proyección | M74: Proyección | N74: Proyección | O74: Proyección | P74: Proyección | Q74: Proyección | R74: Proyección | S74: Proyección | T74: Proyección | U74: Proyección | V74: Proyección | W74: Proyección | X74: Proyección | Y74: Proyección | Z74: Proyección
B75: Rusa | C75: En proceso | D75: En proceso | E75: Proyección | F75: Proyección | G75: Proyección | H75: Proyección | I75: Proyección | J75: Proyección | K75: Proyección | L75: Proyección | M75: Proyección | N75: Proyección | O75: Proyección | P75: Proyección | Q75: Proyección | R75: Proyección | S75: Proyección | T75: Proyección | U75: Proyección | V75: Proyección | W75: Proyección | X75: Proyección | Y75: Proyección | Z75: Proyección
B76: Doble rusa | C76: Proyección | D76: Proyección | E76: Proyección | F76: Proyección | G76: Proyección | H76: Proyección | I76: Proyección | J76: Proyección | K76: Proyección | L76: Proyección | M76: Proyección | N76: Proyección | O76: Proyección | P76: Proyección | Q76: Proyección | R76: Proyección | S76: Proyección | T76: Proyección | U76: Proyección | V76: Proyección | W76: Proyección | X76: Proyección | Y76: Proyección | Z76: Proyección
B77: Magyar | C77: Proyección | D77: Proyección | E77: Proyección | F77: Proyección | G77: Proyección | H77: Proyección | I77: Proyección | J77: Proyección | K77: Proyección | L77: Proyección | M77: Proyección | N77: Proyección | O77: Proyección | P77: Proyección | Q77: Proyección | R77: Proyección | S77: Proyección | T77: Proyección | U77: Proyección | V77: Proyección | W77: Proyección | X77: Proyección | Y77: Proyección | Z77: Proyección
B78: Sivado | C78: Proyección | D78: Proyección | E78: Proyección | F78: Proyección | G78: Proyección | H78: Proyección | I78: Proyección | J78: Proyección | K78: Proyección | L78: Proyección | M78: Proyección | N78: Proyección | O78: Proyección | P78: Proyección | Q78: Proyección | R78: Proyección | S78: Proyección | T78: Proyección | U78: Proyección | V78: Proyección | W78: Proyección | X78: Proyección | Y78: Proyección | Z78: Proyección
A79: CABALLO CON ARZONES | B79: Balanceo pendular | C79: Consolidado | D79: Consolidado | E79: Proyección | F79: Proyección | G79: Proyección | H79: Proyección | I79: Proyección | J79: Proyección | K79: Proyección | L79: Proyección | M79: Proyección | N79: Proyección | O79: Proyección | P79: Proyección | Q79: Proyección | R79: Proyección | S79: Proyección | T79: Proyección | U79: Proyección | V79: Proyección | W79: Proyección | X79: Proyección | Y79: Proyección | Z79: Proyección
B80: Tijera falsa | C80: Consolidado | D80: Consolidado | E80: Proyección | F80: Proyección | G80: Proyección | H80: Proyección | I80: Proyección | J80: Proyección | K80: Proyección | L80: Proyección | M80: Proyección | N80: Proyección | O80: Proyección | P80: Proyección | Q80: Proyección | R80: Proyección | S80: Proyección | T80: Proyección | U80: Proyección | V80: Proyección | W80: Proyección | X80: Proyección | Y80: Proyección | Z80: Proyección
B81: Tijera | C81: Consolidado | D81: Consolidado | E81: Proyección | F81: Proyección | G81: Proyección | H81: Proyección | I81: Proyección | J81: Proyección | K81: Proyección | L81: Proyección | M81: Proyección | N81: Proyección | O81: Proyección | P81: Proyección | Q81: Proyección | R81: Proyección | S81: Proyección | T81: Proyección | U81: Proyección | V81: Proyección | W81: Proyección | X81: Proyección | Y81: Proyección | Z81: Proyección
B82: Circulo sobre arzones | C82: En proceso | D82: En proceso | E82: Proyección | F82: Proyección | G82: Proyección | H82: Proyección | I82: Proyección | J82: Proyección | K82: Proyección | L82: Proyección | M82: Proyección | N82: Proyección | O82: Proyección | P82: Proyección | Q82: Proyección | R82: Proyección | S82: Proyección | T82: Proyección | U82: Proyección | V82: Proyección | W82: Proyección | X82: Proyección | Y82: Proyección | Z82: Proyección
B83: Tijera circulo | C83: En proceso | D83: En proceso | E83: Proyección | F83: Proyección | G83: Proyección | H83: Proyección | I83: Proyección | J83: Proyección | K83: Proyección | L83: Proyección | M83: Proyección | N83: Proyección | O83: Proyección | P83: Proyección | Q83: Proyección | R83: Proyección | S83: Proyección | T83: Proyección | U83: Proyección | V83: Proyección | W83: Proyección | X83: Proyección | Y83: Proyección | Z83: Proyección
B84: Bajada lateral | C84: Proyección | D84: Proyección | E84: Proyección | F84: Proyección | G84: Proyección | H84: Proyección | I84: Proyección | J84: Proyección | K84: Proyección | L84: Proyección | M84: Proyección | N84: Proyección | O84: Proyección | P84: Proyección | Q84: Proyección | R84: Proyección | S84: Proyección | T84: Proyección | U84: Proyección | V84: Proyección | W84: Proyección | X84: Proyección | Y84: Proyección | Z84: Proyección
B85: Circulo en grupa | C85: Proyección | D85: Proyección | E85: Proyección | F85: Proyección | G85: Proyección | H85: Proyección | I85: Proyección | J85: Proyección | K85: Proyección | L85: Proyección | M85: Proyección | N85: Proyección | O85: Proyección | P85: Proyección | Q85: Proyección | R85: Proyección | S85: Proyección | T85: Proyección | U85: Proyección | V85: Proyección | W85: Proyección | X85: Proyección | Y85: Proyección | Z85: Proyección
B86: Circulo lateral en grupa | C86: Proyección | D86: Proyección | E86: Proyección | F86: Proyección | G86: Proyección | H86: Proyección | I86: Proyección | J86: Proyección | K86: Proyección | L86: Proyección | M86: Proyección | N86: Proyección | O86: Proyección | P86: Proyección | Q86: Proyección | R86: Proyección | S86: Proyección | T86: Proyección | U86: Proyección | V86: Proyección | W86: Proyección | X86: Proyección | Y86: Proyección | Z86: Proyección
B87: Circulo frontal en grupa | C87: Proyección | D87: Proyección | E87: Proyección | F87: Proyección | G87: Proyección | H87: Proyección | I87: Proyección | J87: Proyección | K87: Proyección | L87: Proyección | M87: Proyección | N87: Proyección | O87: Proyección | P87: Proyección | Q87: Proyección | R87: Proyección | S87: Proyección | T87: Proyección | U87: Proyección | V87: Proyección | W87: Proyección | X87: Proyección | Y87: Proyección | Z87: Proyección
B88: 1/4 de Kehr en grupa | C88: Proyección | D88: Proyección | E88: Proyección | F88: Proyección | G88: Proyección | H88: Proyección | I88: Proyección | J88: Proyección | K88: Proyección | L88: Proyección | M88: Proyección | N88: Proyección | O88: Proyección | P88: Proyección | Q88: Proyección | R88: Proyección | S88: Proyección | T88: Proyección | U88: Proyección | V88: Proyección | W88: Proyección | X88: Proyección | Y88: Proyección | Z88: Proyección
B89: 1/2 Splindle en grupa | C89: Proyección | D89: Proyección | E89: Proyección | F89: Proyección | G89: Proyección | H89: Proyección | I89: Proyección | J89: Proyección | K89: Proyección | L89: Proyección | M89: Proyección | N89: Proyección | O89: Proyección | P89: Proyección | Q89: Proyección | R89: Proyección | S89: Proyección | T89: Proyección | U89: Proyección | V89: Proyección | W89: Proyección | X89: Proyección | Y89: Proyección | Z89: Proyección
B90: Salida finlandesa | C90: Proyección | D90: Proyección | E90: Proyección | F90: Proyección | G90: Proyección | H90: Proyección | I90: Proyección | J90: Proyección | K90: Proyección | L90: Proyección | M90: Proyección | N90: Proyección | O90: Proyección | P90: Proyección | Q90: Proyección | R90: Proyección | S90: Proyección | T90: Proyección | U90: Proyección | V90: Proyección | W90: Proyección | X90: Proyección | Y90: Proyección | Z90: Proyección
B91: Cheka sobre arzones | C91: Proyección | D91: Proyección | E91: Proyección | F91: Proyección | G91: Proyección | H91: Proyección | I91: Proyección | J91: Proyección | K91: Proyección | L91: Proyección | M91: Proyección | N91: Proyección | O91: Proyección | P91: Proyección | Q91: Proyección | R91: Proyección | S91: Proyección | T91: Proyección | U91: Proyección | V91: Proyección | W91: Proyección | X91: Proyección | Y91: Proyección | Z91: Proyección
... B104: Bezugo | C104: Proyección | D104: Proyección | E104: Proyección | F104: Proyección | G104: Proyección | H104: Proyección | I104: Proyección | J104: Proyección | K104: Proyección | L104: Proyección | M104: Proyección | N104: Proyección | O104: Proyección | P104: Proyección | Q104: Proyección | R104: Proyección | S104: Proyección | T104: Proyección | U104: Proyección | V104: Proyección | W104: Proyección | X104: Proyección | Y104: Proyección | Z104: Proyección
A106: ANILLOS
A107: ELEMENTOS DE FUERZA | B107: L sit en suspension | C107: Consolidado | D107: Consolidado | E107: Proyección | F107: Proyección | G107: Proyección | H107: Proyección | I107: Proyección | J107: Proyección | K107: Proyección | L107: Proyección | M107: Proyección | N107: Proyección | O107: Proyección | P107: Proyección | Q107: Proyección | R107: Proyección | S107: Proyección | T107: Proyección | U107: Proyección | V107: Proyección | W107: Proyección | X107: Proyección | Y107: Proyección | Z107: Proyección
B108: Dominada | C108: Consolidado | D108: Consolidado | E108: Proyección | F108: Proyección | G108: Proyección | H108: Proyección | I108: Proyección | J108: Proyección | K108: Proyección | L108: Proyección | M108: Proyección | N108: Proyección | O108: Proyección | P108: Proyección | Q108: Proyección | R108: Proyección | S108: Proyección | T108: Proyección | U108: Proyección | V108: Proyección | W108: Proyección | X108: Proyección | Y108: Proyección | Z108: Proyección
B109: Vela | C109: Consolidado | D109: Consolidado | E109: Proyección | F109: Proyección | G109: Proyección | H109: Proyección | I109: Proyección | J109: Proyección | K109: Proyección | L109: Proyección | M109: Proyección | N109: Proyección | O109: Proyección | P109: Proyección | Q109: Proyección | R109: Proyección | S109: Proyección | T109: Proyección | U109: Proyección | V109: Proyección | W109: Proyección | X109: Proyección | Y109: Proyección | Z109: Proyección
B110: Plancha dorsal | C110: Consolidado | D110: Consolidado | E110: Proyección | F110: Proyección | G110: Proyección | H110: Proyección | I110: Proyección | J110: Proyección | K110: Proyección | L110: Proyección | M110: Proyección | N110: Proyección | O110: Proyección | P110: Proyección | Q110: Proyección | R110: Proyección | S110: Proyección | T110: Proyección | U110: Proyección | V110: Proyección | W110: Proyección | X110: Proyección | Y110: Proyección | Z110: Proyección
B111: Hercules | C111: Consolidado | D111: Consolidado | E111: Proyección | F111: Proyección | G111: Proyección | H111: Proyección | I111: Proyección | J111: Proyección | K111: Proyección | L111: Proyección | M111: Proyección | N111: Proyección | O111: Proyección | P111: Proyección | Q111: Proyección | R111: Proyección | S111: Proyección | T111: Proyección | U111: Proyección | V111: Proyección | W111: Proyección | X111: Proyección | Y111: Proyección | Z111: Proyección
B112: L sit en apoyo | C112: Consolidado | D112: Consolidado | E112: Proyección | F112: Proyección | G112: Proyección | H112: Proyección | I112: Proyección | J112: Proyección | K112: Proyección | L112: Proyección | M112: Proyección | N112: Proyección | O112: Proyección | P112: Proyección | Q112: Proyección | R112: Proyección | S112: Proyección | T112: Proyección | U112: Proyección | V112: Proyección | W112: Proyección | X112: Proyección | Y112: Proyección | Z112: Proyección
B113: Plancha agrupada | C113: Consolidado | D113: Consolidado | E113: Proyección | F113: Proyección | G113: Proyección | H113: Proyección | I113: Proyección | J113: Proyección | K113: Proyección | L113: Proyección | M113: Proyección | N113: Proyección | O113: Proyección | P113: Proyección | Q113: Proyección | R113: Proyección | S113: Proyección | T113: Proyección | U113: Proyección | V113: Proyección | W113: Proyección | X113: Proyección | Y113: Proyección | Z113: Proyección
B114: Parado de hombros | C114: Consolidado | D114: Consolidado | E114: Proyección | F114: Proyección | G114: Proyección | H114: Proyección | I114: Proyección | J114: Proyección | K114: Proyección | L114: Proyección | M114: Proyección | N114: Proyección | O114: Proyección | P114: Proyección | Q114: Proyección | R114: Proyección | S114: Proyección | T114: Proyección | U114: Proyección | V114: Proyección | W114: Proyección | X114: Proyección | Y114: Proyección | Z114: Proyección
B115: L sit a Parado de manos (Kato) | C115: En proceso | D115: En proceso | E115: Proyección | F115: Proyección | G115: Proyección | H115: Proyección | I115: Proyección | J115: Proyección | K115: Proyección | L115: Proyección | M115: Proyección | N115: Proyección | O115: Proyección | P115: Proyección | Q115: Proyección | R115: Proyección | S115: Proyección | T115: Proyección | U115: Proyección | V115: Proyección | W115: Proyección | X115: Proyección | Y115: Proyección | Z115: Proyección
B116: Semidisloque desde suspension estática | C116: Consolidado | D116: Consolidado | E116: Proyección | F116: Proyección | G116: Proyección | H116: Proyección | I116: Proyección | J116: Proyección | K116: Proyección | L116: Proyección | M116: Proyección | N116: Proyección | O116: Proyección | P116: Proyección | Q116: Proyección | R116: Proyección | S116: Proyección | T116: Proyección | U116: Proyección | V116: Proyección | W116: Proyección | X116: Proyección | Y116: Proyección | Z116: Proyección
...

Sheet FICHA DEL ATLETA
A1: FICHA INDIVIDUAL DE EVALUACIÓN
A3: Atleta: | B3: Angel Babun
A5: RESUMEN | D5: Aparato | E5: Consolidado | F5: En proceso | G5: Proyección | H5: % dominio
A6: Elementos evaluados | B6: =INDEX(CONSOLIDADO!$B$4:$B$5,MATCH($B$3,CONSOLIDADO!$A$4:$A$5,0)) -> 264 | D6: POSICIONES BÁSICAS Y FUERZA | E6: =--(INDEX(NORMATIVOS!$C$3:$Z$3,1,MATCH($B$3,NORMATIVOS!$C$1:$Z$1,0))="Consolidado")+--(INDEX(NORMATIVOS!$C$4:$Z$4,1,MATCH($B$3,NORMATIVOS!$C$1:$Z$1,0))="Consolidado")+--(INDEX(NORMATIVOS!$C$5:$Z$5,1,MATCH($B$3,NORMATIVOS!$C$1:$Z$1,0))="Consolidado")+--(INDEX(NORMATIVOS!$C$6:$Z$6,1,MATCH($B$3,NORMATIVOS!$C$1:$Z$1,0))="Consolidado")+--(INDEX(NORMATIVOS!$C$7:$Z$7,1,MATCH($B$3,NORMATIVOS!$C$1:$Z$1,0))="Consolidado")+--(INDEX(NORMATIVOS!$C$8:$Z$8,1,MATCH($B$3,NORMATIVOS!$C$1:$Z$1,0))="Consolidado")+--(INDEX(NORMATIVOS!$C$9:$Z$9,1,MATCH($B$3,NORMATIVOS!$C$1:$Z$1,0))="Consolidado")+--(INDEX(NORMATIVOS!$C$10:$Z$10,1,MATCH($B$3,NORMATIVOS!$C$1:$Z$1,0))="Consolidado")+--(INDEX(NORMATIVOS!$C$11:$Z$11,1,MATCH($B$3,NORMATIVOS!$C$1:$Z$1,0))="Consolidado")+--(INDEX(NORMATIVOS!$C$12:$Z$12,1,MATCH($B$3,NORMATIVOS!$C$1:$Z$1,0))="Consolidado")+--(INDEX(NORMATIVOS!$C$13:$Z$13,1,MATCH($B$3,NORMATIVOS!$C$1:$Z$1,0))="Consolidado")+--(INDEX(NORMATIVOS!$C$14:$Z$14,1,MATCH($B$3,NORMATIVOS!$C$1:$Z$1,0))="Consolidado")+--(INDEX(NORMATIVOS!$C$15:$Z$15,1,MATCH($B$3,NORMATIVOS!$C$1:$Z$1,0))="Consolidado")+--(INDEX(NORMATIVOS!$C$16:$Z$16,1,MATCH($B$3,NORMATIVOS!$C$1:$Z$1,0))="Consolidado") -> 9 | F6: =--(INDEX(NORMATIVOS!$C$3:$Z$3,1,MATCH($B$3,NORMATIVOS!$C$1:$Z$1,0))="En proceso")+--(INDEX(NORMATIVOS!$C$4:$Z$4,1,MATCH($B$3,NORMATIVOS!$C$1:$Z$1,0))="En proceso")+--(INDEX(NORMATIVOS!$C$5:$Z$5,1,MATCH($B$3,NORMATIVOS!$C$1:$Z$1,0))="En proceso")+--(INDEX(NORMATIVOS!$C$6:$Z$6,1,MATCH($B$3,NORMATIVOS!$C$1:$Z$1,0))="En proceso")+--(INDEX(NORMATIVOS!$C$7:$Z$7,1,MATCH($B$3,NORMATIVOS!$C$1:$Z$1,0))="En proceso")+--(INDEX(NORMATIVOS!$C$8:$Z$8,1,MATCH($B$3,NORMATIVOS!$C$1:$Z$1,0))="En proceso")+--(INDEX(NORMATIVOS!$C$9:$Z$9,1,MATCH($B$3,NORMATIVOS!$C$1:$Z$1,0))="En proceso")+--(INDEX(NORMATIVOS!$C$10:$Z$10,1,MATCH($B$3,NORMATIVOS!$C$1:$Z$1,0))="En proceso")+--(INDEX(NORMATIVOS!$C$11:$Z$11,1,MATCH($B$3,NORMATIVOS!$C$1:$Z$1,0))="En proceso")+--(INDEX(NORMATIVOS!$C$12:$Z$12,1,MATCH($B$3,NORMATIVOS!$C$1:$Z$1,0))="En proceso")+--(INDEX(NORMATIVOS!$C$13:$Z$13,1,MATCH($B$3,NORMATIVOS!$C$1:$Z$1,0))="En proceso")+--(INDEX(NORMATIVOS!$C$14:$Z$14,1,MATCH($B$3,NORMATIVOS!$C$1:$Z$1,0))="En proceso")+--(INDEX(NORMATIVOS!$C$15:$Z$15,1,MATCH($B$3,NORMATIVOS!$C$1:$Z$1,0))="En proceso")+--(INDEX(NORMATIVOS!$C$16:$Z$16,1,MATCH($B$3,NORMATIVOS!$C$1:$Z$1,0))="En proceso") -> 5 | G6: =--(INDEX(NORMATIVOS!$C$3:$Z$3,1,MATCH($B$3,NORMATIVOS!$C$1:$Z$1,0))="Proyección")+--(INDEX(NORMATIVOS!$C$4:$Z$4,1,MATCH($B$3,NORMATIVOS!$C$1:$Z$1,0))="Proyección")+--(INDEX(NORMATIVOS!$C$5:$Z$5,1,MATCH($B$3,NORMATIVOS!$C$1:$Z$1,0))="Proyección")+--(INDEX(NORMATIVOS!$C$6:$Z$6,1,MATCH($B$3,NORMATIVOS!$C$1:$Z$1,0))="Proyección")+--(INDEX(NORMATIVOS!$C$7:$Z$7,1,MATCH($B$3,NORMATIVOS!$C$1:$Z$1,0))="Proyección")+--(INDEX(NORMATIVOS!$C$8:$Z$8,1,MATCH($B$3,NORMATIVOS!$C$1:$Z$1,0))="Proyección")+--(INDEX(NORMATIVOS!$C$9:$Z$9,1,MATCH($B$3,NORMATIVOS!$C$1:$Z$1,0))="Proyección")+--(INDEX(NORMATIVOS!$C$10:$Z$10,1,MATCH($B$3,NORMATIVOS!$C$1:$Z$1,0))="Proyección")+--(INDEX(NORMATIVOS!$C$11:$Z$11,1,MATCH($B$3,NORMATIVOS!$C$1:$Z$1,0))="Proyección")+--(INDEX(NORMATIVOS!$C$12:$Z$12,1,MATCH($B$3,NORMATIVOS!$C$1:$Z$1,0))="Proyección")+--(INDEX(NORMATIVOS!$C$13:$Z$13,1,MATCH($B$3,NORMATIVOS!$C$1:$Z$1,0))="Proyección")+--(INDEX(NORMATIVOS!$C$14:$Z$14,1,MATCH($B$3,NORMATIVOS!$C$1:$Z$1,0))="Proyección")+--(INDEX(NORMATIVOS!$C$15:$Z$15,1,MATCH($B$3,NORMATIVOS!$C$1:$Z$1,0))="Proyección")+--(INDEX(NORMATIVOS!$C$16:$Z$16,1,MATCH($B$3,NORMATIVOS!$C$1:$Z$1,0))="Proyección") -> 0 | H6: =IFERROR(E6/(E6+F6+G6),0) -> 0.64285714
A7: Consolidados | B7: =INDEX(CONSOLIDADO!$C$4:$C$5,MATCH($B$3,CONSOLIDADO!$A$4:$A$5,0)) -> 113 | D7: ACROBATICO HACÍA DELANTE | E7: =--(INDEX(NORMATIVOS!$C$17:$Z$17,1,MATCH($B$3,NORMATIVOS!$C$1:$Z$1,0))="Consolidado")+--(INDEX(NORMATIVOS!$C$18:$Z$18,1,MATCH($B$3,NORMATIVOS!$C$1:$Z$1,0))="Consolidado")+--(INDEX(NORMATIVOS!$C$19:$Z$19,1,MATCH($B$3,NORMATIVOS!$C$1:$Z$1,0))="Consolidado")+--(INDEX(NORMATIVOS!$C$20:$Z$20,1,MATCH($B$3,NORMATIVOS!$C$1:$Z$1,0))="Consolidado")+--(INDEX(NORMATIVOS!$C$21:$Z$21,1,MATCH($B$3,NORMATIVOS!$C$1:$Z$1,0))="Consolidado")+--(INDEX(NORMATIVOS!$C$22:$Z$22,1,MATCH($B$3,NORMATIVOS!$C$1:$Z$1,0))="Consolidado")+--(INDEX(NORMATIVOS!$C$23:$Z$23,1,MATCH($B$3,NORMATIVOS!$C$1:$Z$1,0))="Consolidado")+--(INDEX(NORMATIVOS!$C$24:$Z$24,1,MATCH($B$3,NORMATIVOS!$C$1:$Z$1,0))="Consolidado")+--(INDEX(NORMATIVOS!$C$25:$Z$25,1,MATCH($B$3,NORMATIVOS!$C$1:$Z$1,0))="Consolidado")+--(INDEX(NORMATIVOS!$C$26:$Z$26,1,MATCH($B$3,NORMATIVOS!$C$1:$Z$1,0))="Consolidado")+--(INDEX(NORMATIVOS!$C$27:$Z$27,1,MATCH($B$3,NORMATIVOS!$C$1:$Z$1,0))="Consolidado") -> 8 | F7: =--(INDEX(NORMATIVOS!$C$17:$Z$17,1,MATCH($B$3,NORMATIVOS!$C$1:$Z$1,0))="En proceso")+--(INDEX(NORMATIVOS!$C$18:$Z$18,1,MATCH($B$3,NORMATIVOS!$C$1:$Z$1,0))="En proceso")+--(INDEX(NORMATIVOS!$C$19:$Z$19,1,MATCH($B$3,NORMATIVOS!$C$1:$Z$1,0))="En proceso")+--(INDEX(NORMATIVOS!$C$20:$Z$20,1,MATCH($B$3,NORMATIVOS!$C$1:$Z$1,0))="En proceso")+--(INDEX(NORMATIVOS!$C$21:$Z$21,1,MATCH($B$3,NORMATIVOS!$C$1:$Z$1,0))="En proceso")+--(INDEX(NORMATIVOS!$C$22:$Z$22,1,MATCH($B$3,NORMATIVOS!$C$1:$Z$1,0))="En proceso")+--(INDEX(NORMATIVOS!$C$23:$Z$23,1,MATCH($B$3,NORMATIVOS!$C$1:$Z$1,0))="En proceso")+--(INDEX(NORMATIVOS!$C$24:$Z$24,1,MATCH($B$3,NORMATIVOS!$C$1:$Z$1,0))="En proceso")+--(INDEX(NORMATIVOS!$C$25:$Z$25,1,MATCH($B$3,NORMATIVOS!$C$1:$Z$1,0))="En proceso")+--(INDEX(NORMATIVOS!$C$26:$Z$26,1,MATCH($B$3,NORMATIVOS!$C$1:$Z$1,0))="En proceso")+--(INDEX(NORMATIVOS!$C$27:$Z$27,1,MATCH($B$3,NORMATIVOS!$C$1:$Z$1,0))="En proceso") -> 2 | G7: =--(INDEX(NORMATIVOS!$C$17:$Z$17,1,MATCH($B$3,NORMATIVOS!$C$1:$Z$1,0))="Proyección")+--(INDEX(NORMATIVOS!$C$18:$Z$18,1,MATCH($B$3,NORMATIVOS!$C$1:$Z$1,0))="Proyección")+--(INDEX(NORMATIVOS!$C$19:$Z$19,1,MATCH($B$3,NORMATIVOS!$C$1:$Z$1,0))="Proyección")+--(INDEX(NORMATIVOS!$C$20:$Z$20,1,MATCH($B$3,NORMATIVOS!$C$1:$Z$1,0))="Proyección")+--(INDEX(NORMATIVOS!$C$21:$Z$21,1,MATCH($B$3,NORMATIVOS!$C$1:$Z$1,0))="Proyección")+--(INDEX(NORMATIVOS!$C$22:$Z$22,1,MATCH($B$3,NORMATIVOS!$C$1:$Z$1,0))="Proyección")+--(INDEX(NORMATIVOS!$C$23:$Z$23,1,MATCH($B$3,NORMATIVOS!$C$1:$Z$1,0))="Proyección")+--(INDEX(NORMATIVOS!$C$24:$Z$24,1,MATCH($B$3,NORMATIVOS!$C$1:$Z$1,0))="Proyección")+--(INDEX(NORMATIVOS!$C$25:$Z$25,1,MATCH($B$3,NORMATIVOS!$C$1:$Z$1,0))="Proyección")+--(INDEX(NORMATIVOS!$C$26:$Z$26,1,MATCH($B$3,NORMATIVOS!$C$1:$Z$1,0))="Proyección")+--(INDEX(NORMATIVOS!$C$27:$Z$27,1,MATCH($B$3,NORMATIVOS!$C$1:$Z$1,0))="Proyección") -> 1 | H7: =IFERROR(E7/(E7+F7+G7),0) -> 0.72727273
A8: En proceso | B8: =INDEX(CONSOLIDADO!$D$4:$D$5,MATCH($B$3,CONSOLIDADO!$A$4:$A$5,0)) -> 49 | D8: ACROBATICO HACÍA ATRÁS | E8: =--(INDEX(NORMATIVOS!$C$28:$Z$28,1,MATCH($B$3,NORMATIVOS!$C$1:$Z$1,0))="Consolidado")+--(INDEX(NORMATIVOS!$C$29:$Z$29,1,MATCH($B$3,NORMATIVOS!$C$1:$Z$1,0))="Consolidado")+--(INDEX(NORMATIVOS!$C$30:$Z$30,1,MATCH($B$3,NORMATIVOS!$C$1:$Z$1,0))="Consolidado")+--(INDEX(NORMATIVOS!$C$31:$Z$31,1,MATCH($B$3,NORMATIVOS!$C$1:$Z$1,0))="Consolidado")+--(INDEX(NORMATIVOS!$C$32:$Z$32,1,MATCH($B$3,NORMATIVOS!$C$1:$Z$1,0))="Consolidado")+--(INDEX(NORMATIVOS!$C$33:$Z$33,1,MATCH($B$3,NORMATIVOS!$C$1:$Z$1,0))="Consolidado")+--(INDEX(NORMATIVOS!$C$34:$Z$34,1,MATCH($B$3,NORMATIVOS!$C$1:$Z$1,0))="Consolidado")+--(INDEX(NORMATIVOS!$C$35:$Z$35,1,MATCH($B$3,NORMATIVOS!$C$1:$Z$1,0))="Consolidado")+--(INDEX(NORMATIVOS!$C$36:$Z$36,1,MATCH($B$3,NORMATIVOS!$C$1:$Z$1,0))="Consolidado")+--(INDEX(NORMATIVOS!$C$37:$Z$37,1,MATCH($B$3,NORMATIVOS!$C$1:$Z$1,0))="Consolidado") -> 5 | F8: =--(INDEX(NORMATIVOS!$C$28:$Z$28,1,MATCH($B$3,NORMATIVOS!$C$1:$Z$1,0))="En proceso")+--(INDEX(NORMATIVOS!$C$29:$Z$29,1,MATCH($B$3,NORMATIVOS!$C$1:$Z$1,0))="En proceso")+--(INDEX(NORMATIVOS!$C$30:$Z$30,1,MATCH($B$3,NORMATIVOS!$C$1:$Z$1,0))="En proceso")+--(INDEX(NORMATIVOS!$C$31:$Z$31,1,MATCH($B$3,NORMATIVOS!$C$1:$Z$1,0))="En proceso")+--(INDEX(NORMATIVOS!$C$32:$Z$32,1,MATCH($B$3,NORMATIVOS!$C$1:$Z$1,0))="En proceso")+--(INDEX(NORMATIVOS!$C$33:$Z$33,1,MATCH($B$3,NORMATIVOS!$C$1:$Z$1,0))="En proceso")+--(INDEX(NORMATIVOS!$C$34:$Z$34,1,MATCH($B$3,NORMATIVOS!$C$1:$Z$1,0))="En proceso")+--(INDEX(NORMATIVOS!$C$35:$Z$35,1,MATCH($B$3,NORMATIVOS!$C$1:$Z$1,0))="En proceso")+--(INDEX(NORMATIVOS!$C$36:$Z$36,1,MATCH($B$3,NORMATIVOS!$C$1:$Z$1,0))="En proceso")+--(INDEX(NORMATIVOS!$C$37:$Z$37,1,MATCH($B$3,NORMATIVOS!$C$1:$Z$1,0))="En proceso") -> 4 | G8: =--(INDEX(NORMATIVOS!$C$28:$Z$28,1,MATCH($B$3,NORMATIVOS!$C$1:$Z$1,0))="Proyección")+--(INDEX(NORMATIVOS!$C$29:$Z$29,1,MATCH($B$3,NORMATIVOS!$C$1:$Z$1,0))="Proyección")+--(INDEX(NORMATIVOS!$C$30:$Z$30,1,MATCH($B$3,NORMATIVOS!$C$1:$Z$1,0))="Proyección")+--(INDEX(NORMATIVOS!$C$31:$Z$31,1,MATCH($B$3,NORMATIVOS!$C$1:$Z$1,0))="Proyección")+--(INDEX(NORMATIVOS!$C$32:$Z$32,1,MATCH($B$3,NORMATIVOS!$C$1:$Z$1,0))="Proyección")+--(INDEX(NORMATIVOS!$C$33:$Z$33,1,MATCH($B$3,NORMATIVOS!$C$1:$Z$1,0))="Proyección")+--(INDEX(NORMATIVOS!$C$34:$Z$34,1,MATCH($B$3,NORMATIVOS!$C$1:$Z$1,0))="Proyección")+--(INDEX(NORMATIVOS!$C$35:$Z$35,1,MATCH($B$3,NORMATIVOS!$C$1:$Z$1,0))="Proyección")+--(INDEX(NORMATIVOS!$C$36:$Z$36,1,MATCH($B$3,NORMATIVOS!$C$1:$Z$1,0))="Proyección")+--(INDEX(NORMATIVOS!$C$37:$Z$37,1,MATCH($B$3,NORMATIVOS!$C$1:$Z$1,0))="Proyección") -> 1 | H8: =IFERROR(E8/(E8+F8+G8),0) -> 0.5
A9: Proyección | B9: =INDEX(CONSOLIDADO!$E$4:$E$5,MATCH($B$3,CONSOLIDADO!$A$4:$A$5,0)) -> 100 | D9: ACROBATICO CON GIRO | E9: =--(INDEX(NORMATIVOS!$C$38:$Z$38,1,MATCH($B$3,NORMATIVOS!$C$1:$Z$1,0))="Consolidado")+--(INDEX(NORMATIVOS!$C$39:$Z$39,1,MATCH($B$3,NORMATIVOS!$C$1:$Z$1,0))="Consolidado")+--(INDEX(NORMATIVOS!$C$40:$Z$40,1,MATCH($B$3,NORMATIVOS!$C$1:$Z$1,0))="Consolidado")+--(INDEX(NORMATIVOS!$C$41:$Z$41,1,MATCH($B$3,NORMATIVOS!$C$1:$Z$1,0))="Consolidado")+--(INDEX(NORMATIVOS!$C$42:$Z$42,1,MATCH($B$3,NORMATIVOS!$C$1:$Z$1,0))="Consolidado")+--(INDEX(NORMATIVOS!$C$43:$Z$43,1,MATCH($B$3,NORMATIVOS!$C$1:$Z$1,0))="Consolidado")+--(INDEX(NORMATIVOS!$C$44:$Z$44,1,MATCH($B$3,NORMATIVOS!$C$1:$Z$1,0))="Consolidado")+--(INDEX(NORMATIVOS!$C$45:$Z$45,1,MATCH($B$3,NORMATIVOS!$C$1:$Z$1,0))="Consolidado")+--(INDEX(NORMATIVOS!$C$46:$Z$46,1,MATCH($B$3,NORMATIVOS!$C$1:$Z$1,0))="Consolidado") -> 0 | F9: =--(INDEX(NORMATIVOS!$C$38:$Z$38,1,MATCH($B$3,NORMATIVOS!$C$1:$Z$1,0))="En proceso")+--(INDEX(NORMATIVOS!$C$39:$Z$39,1,MATCH($B$3,NORMATIVOS!$C$1:$Z$1,0))="En proceso")+--(INDEX(NORMATIVOS!$C$40:$Z$40,1,MATCH($B$3,NORMATIVOS!$C$1:$Z$1,0))="En proceso")+--(INDEX(NORMATIVOS!$C$41:$Z$41,1,MATCH($B$3,NORMATIVOS!$C$1:$Z$1,0))="En proceso")+--(INDEX(NORMATIVOS!$C$42:$Z$42,1,MATCH($B$3,NORMATIVOS!$C$1:$Z$1,0))="En proceso")+--(INDEX(NORMATIVOS!$C$43:$Z$43,1,MATCH($B$3,NORMATIVOS!$C$1:$Z$1,0))="En proceso")+--(INDEX(NORMATIVOS!$C$44:$Z$44,1,MATCH($B$3,NORMATIVOS!$C$1:$Z$1,0))="En proceso")+--(INDEX(NORMATIVOS!$C$45:$Z$45,1,MATCH($B$3,NORMATIVOS!$C$1:$Z$1,0))="En proceso")+--(INDEX(NORMATIVOS!$C$46:$Z$46,1,MATCH($B$3,NORMATIVOS!$C$1:$Z$1,0))="En proceso") -> 7 | G9: =--(INDEX(NORMATIVOS!$C$38:$Z$38,1,MATCH($B$3,NORMATIVOS!$C$1:$Z$1,0))="Proyección")+--(INDEX(NORMATIVOS!$C$39:$Z$39,1,MATCH($B$3,NORMATIVOS!$C$1:$Z$1,0))="Proyección")+--(INDEX(NORMATIVOS!$C$40:$Z$40,1,MATCH($B$3,NORMATIVOS!$C$1:$Z$1,0))="Proyección")+--(INDEX(NORMATIVOS!$C$41:$Z$41,1,MATCH($B$3,NORMATIVOS!$C$1:$Z$1,0))="Proyección")+--(INDEX(NORMATIVOS!$C$42:$Z$42,1,MATCH($B$3,NORMATIVOS!$C$1:$Z$1,0))="Proyección")+--(INDEX(NORMATIVOS!$C$43:$Z$43,1,MATCH($B$3,NORMATIVOS!$C$1:$Z$1,0))="Proyección")+--(INDEX(NORMATIVOS!$C$44:$Z$44,1,MATCH($B$3,NORMATIVOS!$C$1:$Z$1,0))="Proyección")+--(INDEX(NORMATIVOS!$C$45:$Z$45,1,MATCH($B$3,NORMATIVOS!$C$1:$Z$1,0))="Proyección")+--(INDEX(NORMATIVOS!$C$46:$Z$46,1,MATCH($B$3,NORMATIVOS!$C$1:$Z$1,0))="Proyección") -> 0 | H9: =IFERROR(E9/(E9+F9+G9),0) -> 0
A10: N/A | B10: =INDEX(CONSOLIDADO!$F$4:$F$5,MATCH($B$3,CONSOLIDADO!$A$4:$A$5,0)) -> 2 | D10: HONGO | E10: =--(INDEX(NORMATIVOS!$C$49:$Z$49,1,MATCH($B$3,NORMATIVOS!$C$1:$Z$1,0))="Consolidado")+--(INDEX(NORMATIVOS!$C$50:$Z$50,1,MATCH($B$3,NORMATIVOS!$C$1:$Z$1,0))="Consolidado")+--(INDEX(NORMATIVOS!$C$51:$Z$51,1,MATCH($B$3,NORMATIVOS!$C$1:$Z$1,0))="Consolidado")+--(INDEX(NORMATIVOS!$C$52:$Z$52,1,MATCH($B$3,NORMATIVOS!$C$1:$Z$1,0))="Consolidado")+--(INDEX(NORMATIVOS!$C$53:$Z$53,1,MATCH($B$3,NORMATIVOS!$C$1:$Z$1,0))="Consolidado")+--(INDEX(NORMATIVOS!$C$54:$Z$54,1,MATCH($B$3,NORMATIVOS!$C$1:$Z$1,0))="Consolidado")+--(INDEX(NORMATIVOS!$C$55:$Z$55,1,MATCH($B$3,NORMATIVOS!$C$1:$Z$1,0))="Consolidado")+--(INDEX(NORMATIVOS!$C$56:$Z$56,1,MATCH($B$3,NORMATIVOS!$C$1:$Z$1,0))="Consolidado")+--(INDEX(NORMATIVOS!$C$57:$Z$57,1,MATCH($B$3,NORMATIVOS!$C$1:$Z$1,0))="Consolidado")+--(INDEX(NORMATIVOS!$C$58:$Z$58,1,MATCH($B$3,NORMATIVOS!$C$1:$Z$1,0))="Consolidado")+--(INDEX(NORMATIVOS!$C$59:$Z$59,1,MATCH($B$3,NORMATIVOS!$C$1:$Z$1,0))="Consolidado")+--(INDEX(NORMATIVOS!$C$60:$Z$60,1,MATCH($B$3,NORMATIVOS!$C$1:$Z$1,0))="Consolidado")+--(INDEX(NORMATIVOS!$C$61:$Z$61,1,MATCH($B$3,NORMATIVOS!$C$1:$Z$1,0))="Consolidado")+--(INDEX(NORMATIVOS!$C$62:$Z$62,1,MATCH($B$3,NORMATIVOS!$C$1:$Z$1,0))="Consolidado")+--(INDEX(NORMATIVOS!$C$63:$Z$63,1,MATCH($B$3,NORMATIVOS!$C$1:$Z$1,0))="Consolidado")+--(INDEX(NORMATIVOS!$C$64:$Z$64,1,MATCH($B$3,NORMATIVOS!$C$1:$Z$1,0))="Consolidado") -> 13 | F10: =--(INDEX(NORMATIVOS!$C$49:$Z$49,1,MATCH($B$3,NORMATIVOS!$C$1:$Z$1,0))="En proceso")+--(INDEX(NORMATIVOS!$C$50:$Z$50,1,MATCH($B$3,NORMATIVOS!$C$1:$Z$1,0))="En proceso")+--(INDEX(NORMATIVOS!$C$51:$Z$51,1,MATCH($B$3,NORMATIVOS!$C$1:$Z$1,0))="En proceso")+--(INDEX(NORMATIVOS!$C$52:$Z$52,1,MATCH($B$3,NORMATIVOS!$C$1:$Z$1,0))="En proceso")+--(INDEX(NORMATIVOS!$C$53:$Z$53,1,MATCH($B$3,NORMATIVOS!$C$1:$Z$1,0))="En proceso")+--(INDEX(NORMATIVOS!$C$54:$Z$54,1,MATCH($B$3,NORMATIVOS!$C$1:$Z$1,0))="En proceso")+--(INDEX(NORMATIVOS!$C$55:$Z$55,1,MATCH($B$3,NORMATIVOS!$C$1:$Z$1,0))="En proceso")+--(INDEX(NORMATIVOS!$C$56:$Z$56,1,MATCH($B$3,NORMATIVOS!$C$1:$Z$1,0))="En proceso")+--(INDEX(NORMATIVOS!$C$57:$Z$57,1,MATCH($B$3,NORMATIVOS!$C$1:$Z$1,0))="En proceso")+--(INDEX(NORMATIVOS!$C$58:$Z$58,1,MATCH($B$3,NORMATIVOS!$C$1:$Z$1,0))="En proceso")+--(INDEX(NORMATIVOS!$C$59:$Z$59,1,MATCH($B$3,NORMATIVOS!$C$1:$Z$1,0))="En proceso")+--(INDEX(NORMATIVOS!$C$60:$Z$60,1,MATCH($B$3,NORMATIVOS!$C$1:$Z$1,0))="En proceso")+--(INDEX(NORMATIVOS!$C$61:$Z$61,1,MATCH($B$3,NORMATIVOS!$C$1:$Z$1,0))="En proceso")+--(INDEX(NORMATIVOS!$C$62:$Z$62,1,MATCH($B$3,NORMATIVOS!$C$1:$Z$1,0))="En proceso")+--(INDEX(NORMATIVOS!$C$63:$Z$63,1,MATCH($B$3,NORMATIVOS!$C$1:$Z$1,0))="En proceso")+--(INDEX(NORMATIVOS!$C$64:$Z$64,1,MATCH($B$3,NORMATIVOS!$C$1:$Z$1,0))="En proceso") -> 1 | G10: =--(INDEX(NORMATIVOS!$C$49:$Z$49,1,MATCH($B$3,NORMATIVOS!$C$1:$Z$1,0))="Proyección")+--(INDEX(NORMATIVOS!$C$50:$Z$50,1,MATCH($B$3,NORMATIVOS!$C$1:$Z$1,0))="Proyección")+--(INDEX(NORMATIVOS!$C$51:$Z$51,1,MATCH($B$3,NORMATIVOS!$C$1:$Z$1,0))="Proyección")+--(INDEX(NORMATIVOS!$C$52:$Z$52,1,MATCH($B$3,NORMATIVOS!$C$1:$Z$1,0))="Proyección")+--(INDEX(NORMATIVOS!$C$53:$Z$53,1,MATCH($B$3,NORMATIVOS!$C$1:$Z$1,0))="Proyección")+--(INDEX(NORMATIVOS!$C$54:$Z$54,1,MATCH($B$3,NORMATIVOS!$C$1:$Z$1,0))="Proyección")+--(INDEX(NORMATIVOS!$C$55:$Z$55,1,MATCH($B$3,NORMATIVOS!$C$1:$Z$1,0))="Proyección")+--(INDEX(NORMATIVOS!$C$56:$Z$56,1,MATCH($B$3,NORMATIVOS!$C$1:$Z$1,0))="Proyección")+--(INDEX(NORMATIVOS!$C$57:$Z$57,1,MATCH($B$3,NORMATIVOS!$C$1:$Z$1,0))="Proyección")+--(INDEX(NORMATIVOS!$C$58:$Z$58,1,MATCH($B$3,NORMATIVOS!$C$1:$Z$1,0))="Proyección")+--(INDEX(NORMATIVOS!$C$59:$Z$59,1,MATCH($B$3,NORMATIVOS!$C$1:$Z$1,0))="Proyección")+--(INDEX(NORMATIVOS!$C$60:$Z$60,1,MATCH($B$3,NORMATIVOS!$C$1:$Z$1,0))="Proyección")+--(INDEX(NORMATIVOS!$C$61:$Z$61,1,MATCH($B$3,NORMATIVOS!$C$1:$Z$1,0))="Proyección")+--(INDEX(NORMATIVOS!$C$62:$Z$62,1,MATCH($B$3,NORMATIVOS!$C$1:$Z$1,0))="Proyección")+--(INDEX(NORMATIVOS!$C$63:$Z$63,1,MATCH($B$3,NORMATIVOS!$C$1:$Z$1,0))="Proyección")+--(INDEX(NORMATIVOS!$C$64:$Z$64,1,MATCH($B$3,NORMATIVOS!$C$1:$Z$1,0))="Proyección") -> 2 | H10: =IFERROR(E10/(E10+F10+G10),0) -> 0.8125
A11: % dominio | B11: =INDEX(CONSOLIDADO!$G$4:$G$5,MATCH($B$3,CONSOLIDADO!$A$4:$A$5,0)) -> 0.43129771 | D11: CABALLO SIN ARZON | E11: =--(INDEX(NORMATIVOS!$C$65:$Z$65,1,MATCH($B$3,NORMATIVOS!$C$1:$Z$1,0))="Consolidado")+--(INDEX(NORMATIVOS!$C$66:$Z$66,1,MATCH($B$3,NORMATIVOS!$C$1:$Z$1,0))="Consolidado")+--(INDEX(NORMATIVOS!$C$67:$Z$67,1,MATCH($B$3,NORMATIVOS!$C$1:$Z$1,0))="Consolidado")+--(INDEX(NORMATIVOS!$C$68:$Z$68,1,MATCH($B$3,NORMATIVOS!$C$1:$Z$1,0))="Consolidado")+--(INDEX(NORMATIVOS!$C$69:$Z$69,1,MATCH($B$3,NORMATIVOS!$C$1:$Z$1,0))="Consolidado")+--(INDEX(NORMATIVOS!$C$70:$Z$70,1,MATCH($B$3,NORMATIVOS!$C$1:$Z$1,0))="Consolidado")+--(INDEX(NORMATIVOS!$C$71:$Z$71,1,MATCH($B$3,NORMATIVOS!$C$1:$Z$1,0))="Consolidado")+--(INDEX(NORMATIVOS!$C$72:$Z$72,1,MATCH($B$3,NORMATIVOS!$C$1:$Z$1,0))="Consolidado")+--(INDEX(NORMATIVOS!$C$73:$Z$73,1,MATCH($B$3,NORMATIVOS!$C$1:$Z$1,0))="Consolidado")+--(INDEX(NORMATIVOS!$C$74:$Z$74,1,MATCH($B$3,NORMATIVOS!$C$1:$Z$1,0))="Consolidado")+--(INDEX(NORMATIVOS!$C$75:$Z$75,1,MATCH($B$3,NORMATIVOS!$C$1:$Z$1,0))="Consolidado")+--(INDEX(NORMATIVOS!$C$76:$Z$76,1,MATCH($B$3,NORMATIVOS!$C$1:$Z$1,0))="Consolidado")+--(INDEX(NORMATIVOS!$C$77:$Z$77,1,MATCH($B$3,NORMATIVOS!$C$1:$Z$1,0))="Consolidado")+--(INDEX(NORMATIVOS!$C$78:$Z$78,1,MATCH($B$3,NORMATIVOS!$C$1:$Z$1,0))="Consolidado") -> 7 | F11: =--(INDEX(NORMATIVOS!$C$65:$Z$65,1,MATCH($B$3,NORMATIVOS!$C$1:$Z$1,0))="En proceso")+--(INDEX(NORMATIVOS!$C$66:$Z$66,1,MATCH($B$3,NORMATIVOS!$C$1:$Z$1,0))="En proceso")+--(INDEX(NORMATIVOS!$C$67:$Z$67,1,MATCH($B$3,NORMATIVOS!$C$1:$Z$1,0))="En proceso")+--(INDEX(NORMATIVOS!$C$68:$Z$68,1,MATCH($B$3,NORMATIVOS!$C$1:$Z$1,0))="En proceso")+--(INDEX(NORMATIVOS!$C$69:$Z$69,1,MATCH($B$3,NORMATIVOS!$C$1:$Z$1,0))="En proceso")+--(INDEX(NORMATIVOS!$C$70:$Z$70,1,MATCH($B$3,NORMATIVOS!$C$1:$Z$1,0))="En proceso")+--(INDEX(NORMATIVOS!$C$71:$Z$71,1,MATCH($B$3,NORMATIVOS!$C$1:$Z$1,0))="En proceso")+--(INDEX(NORMATIVOS!$C$72:$Z$72,1,MATCH($B$3,NORMATIVOS!$C$1:$Z$1,0))="En proceso")+--(INDEX(NORMATIVOS!$C$73:$Z$73,1,MATCH($B$3,NORMATIVOS!$C$1:$Z$1,0))="En proceso")+--(INDEX(NORMATIVOS!$C$74:$Z$74,1,MATCH($B$3,NORMATIVOS!$C$1:$Z$1,0))="En proceso")+--(INDEX(NORMATIVOS!$C$75:$Z$75,1,MATCH($B$3,NORMATIVOS!$C$1:$Z$1,0))="En proceso")+--(INDEX(NORMATIVOS!$C$76:$Z$76,1,MATCH($B$3,NORMATIVOS!$C$1:$Z$1,0))="En proceso")+--(INDEX(NORMATIVOS!$C$77:$Z$77,1,MATCH($B$3,NORMATIVOS!$C$1:$Z$1,0))="En proceso")+--(INDEX(NORMATIVOS!$C$78:$Z$78,1,MATCH($B$3,NORMATIVOS!$C$1:$Z$1,0))="En proceso") -> 4 | G11: =--(INDEX(NORMATIVOS!$C$65:$Z$65,1,MATCH($B$3,NORMATIVOS!$C$1:$Z$1,0))="Proyección")+--(INDEX(NORMATIVOS!$C$66:$Z$66,1,MATCH($B$3,NORMATIVOS!$C$1:$Z$1,0))="Proyección")+--(INDEX(NORMATIVOS!$C$67:$Z$67,1,MATCH($B$3,NORMATIVOS!$C$1:$Z$1,0))="Proyección")+--(INDEX(NORMATIVOS!$C$68:$Z$68,1,MATCH($B$3,NORMATIVOS!$C$1:$Z$1,0))="Proyección")+--(INDEX(NORMATIVOS!$C$69:$Z$69,1,MATCH($B$3,NORMATIVOS!$C$1:$Z$1,0))="Proyección")+--(INDEX(NORMATIVOS!$C$70:$Z$70,1,MATCH($B$3,NORMATIVOS!$C$1:$Z$1,0))="Proyección")+--(INDEX(NORMATIVOS!$C$71:$Z$71,1,MATCH($B$3,NORMATIVOS!$C$1:$Z$1,0))="Proyección")+--(INDEX(NORMATIVOS!$C$72:$Z$72,1,MATCH($B$3,NORMATIVOS!$C$1:$Z$1,0))="Proyección")+--(INDEX(NORMATIVOS!$C$73:$Z$73,1,MATCH($B$3,NORMATIVOS!$C$1:$Z$1,0))="Proyección")+--(INDEX(NORMATIVOS!$C$74:$Z$74,1,MATCH($B$3,NORMATIVOS!$C$1:$Z$1,0))="Proyección")+--(INDEX(NORMATIVOS!$C$75:$Z$75,1,MATCH($B$3,NORMATIVOS!$C$1:$Z$1,0))="Proyección")+--(INDEX(NORMATIVOS!$C$76:$Z$76,1,MATCH($B$3,NORMATIVOS!$C$1:$Z$1,0))="Proyección")+--(INDEX(NORMATIVOS!$C$77:$Z$77,1,MATCH($B$3,NORMATIVOS!$C$1:$Z$1,0))="Proyección")+--(INDEX(NORMATIVOS!$C$78:$Z$78,1,MATCH($B$3,NORMATIVOS!$C$1:$Z$1,0))="Proyección") -> 3 | H11: =IFERROR(E11/(E11+F11+G11),0) -> 0.5
D12: CABALLO CON ARZONES | E12: =--(INDEX(NORMATIVOS!$C$79:$Z$79,1,MATCH($B$3,NORMATIVOS!$C$1:$Z$1,0))="Consolidado")+--(INDEX(NORMATIVOS!$C$80:$Z$80,1,MATCH($B$3,NORMATIVOS!$C$1:$Z$1,0))="Consolidado")+--(INDEX(NORMATIVOS!$C$81:$Z$81,1,MATCH($B$3,NORMATIVOS!$C$1:$Z$1,0))="Consolidado")+--(INDEX(NORMATIVOS!$C$82:$Z$82,1,MATCH($B$3,NORMATIVOS!$C$1:$Z$1,0))="Consolidado")+--(INDEX(NORMATIVOS!$C$83:$Z$83,1,MATCH($B$3,NORMATIVOS!$C$1:$Z$1,0))="Consolidado")+--(INDEX(NORMATIVOS!$C$84:$Z$84,1,MATCH($B$3,NORMATIVOS!$C$1:$Z$1,0))="Consolidado")+--(INDEX(NORMATIVOS!$C$85:$Z$85,1,MATCH($B$3,NORMATIVOS!$C$1:$Z$1,0))="Consolidado")+--(INDEX(NORMATIVOS!$C$86:$Z$86,1,MATCH($B$3,NORMATIVOS!$C$1:$Z$1,0))="Consolidado")+--(INDEX(NORMATIVOS!$C$87:$Z$87,1,MATCH($B$3,NORMATIVOS!$C$1:$Z$1,0))="Consolidado")+--(INDEX(NORMATIVOS!$C$88:$Z$88,1,MATCH($B$3,NORMATIVOS!$C$1:$Z$1,0))="Consolidado")+--(INDEX(NORMATIVOS!$C$89:$Z$89,1,MATCH($B$3,NORMATIVOS!$C$1:$Z$1,0))="Consolidado")+--(INDEX(NORMATIVOS!$C$90:$Z$90,1,MATCH($B$3,NORMATIVOS!$C$1:$Z$1,0))="Consolidado")+--(INDEX(NORMATIVOS!$C$91:$Z$91,1,MATCH($B$3,NORMATIVOS!$C$1:$Z$1,0))="Consolidado")+--(INDEX(NORMATIVOS!$C$92:$Z$92,1,MATCH($B$3,NORMATIVOS!$C$1:$Z$1,0))="Consolidado")+--(INDEX(NORMATIVOS!$C$93:$Z$93,1,MATCH($B$3,NORMATIVOS!$C$1:$Z$1,0))="Consolidado")+--(INDEX(NORMATIVOS!$C$94:$Z$94,1,MATCH($B$3,NORMATIVOS!$C$1:$Z$1,0))="Consolidado")+--(INDEX(NORMATIVOS!$C$95:$Z$95,1,MATCH($B$3,NORMATIVOS!$C$1:$Z$1,0))="Consolidado")+--(INDEX(NORMATIVOS!$C$96:$Z$96,1,MATCH($B$3,NORMATIVOS!$C$1:$Z$1,0))="Consolidado")+--(INDEX(NORMATIVOS!$C$97:$Z$97,1,MATCH($B$3,NORMATIVOS!$C$1:$Z$1,0))="Consolidado")+--(INDEX(NORMATIVOS!$C$98:$Z$98,1,MATCH($B$3,NORMATIVOS!$C$1:$Z$1,0))="Consolidado")+--(INDEX(NORMATIVOS!$C$99:$Z$99,1,MATCH($B$3,NORMATIVOS!$C$1:$Z$1,0))="Consolidado")+--(INDEX(NORMATIVOS!$C$100:$Z$100,1,MATCH($B$3,NORMATIVOS!$C$1:$Z$1,0))="Consolidado")+--(INDEX(NORMATIVOS!$C$101:$Z$101,1,MATCH($B$3,NORMATIVOS!$C$1:$Z$1,0))="Consolidado")+--(INDEX(NORMATIVOS!$C$102:$Z$102,1,MATCH($B$3,NORMATIVOS!$C$1:$Z$1,0))="Consolidado")+--(INDEX(NORMATIVOS!$C$103:$Z$103,1,MATCH($B$3,NORMATIVOS!$C$1:$Z$1,0))="Consolidado")+--(INDEX(NORMATIVOS!$C$104:$Z$104,1,MATCH($B$3,NORMATIVOS!$C$1:$Z$1,0))="Consolidado") -> 3 | F12: =--(INDEX(NORMATIVOS!$C$79:$Z$79,1,MATCH($B$3,NORMATIVOS!$C$1:$Z$1,0))="En proceso")+--(INDEX(NORMATIVOS!$C$80:$Z$80,1,MATCH($B$3,NORMATIVOS!$C$1:$Z$1,0))="En proceso")+--(INDEX(NORMATIVOS!$C$81:$Z$81,1,MATCH($B$3,NORMATIVOS!$C$1:$Z$1,0))="En proceso")+--(INDEX(NORMATIVOS!$C$82:$Z$82,1,MATCH($B$3,NORMATIVOS!$C$1:$Z$1,0))="En proceso")+--(INDEX(NORMATIVOS!$C$83:$Z$83,1,MATCH($B$3,NORMATIVOS!$C$1:$Z$1,0))="En proceso")+--(INDEX(NORMATIVOS!$C$84:$Z$84,1,MATCH($B$3,NORMATIVOS!$C$1:$Z$1,0))="En proceso")+--(INDEX(NORMATIVOS!$C$85:$Z$85,1,MATCH($B$3,NORMATIVOS!$C$1:$Z$1,0))="En proceso")+--(INDEX(NORMATIVOS!$C$86:$Z$86,1,MATCH($B$3,NORMATIVOS!$C$1:$Z$1,0))="En proceso")+--(INDEX(NORMATIVOS!$C$87:$Z$87,1,MATCH($B$3,NORMATIVOS!$C$1:$Z$1,0))="En proceso")+--(INDEX(NORMATIVOS!$C$88:$Z$88,1,MATCH($B$3,NORMATIVOS!$C$1:$Z$1,0))="En proceso")+--(INDEX(NORMATIVOS!$C$89:$Z$89,1,MATCH($B$3,NORMATIVOS!$C$1:$Z$1,0))="En proceso")+--(INDEX(NORMATIVOS!$C$90:$Z$90,1,MATCH($B$3,NORMATIVOS!$C$1:$Z$1,0))="En proceso")+--(INDEX(NORMATIVOS!$C$91:$Z$91,1,MATCH($B$3,NORMATIVOS!$C$1:$Z$1,0))="En proceso")+--(INDEX(NORMATIVOS!$C$92:$Z$92,1,MATCH($B$3,NORMATIVOS!$C$1:$Z$1,0))="En proceso")+--(INDEX(NORMATIVOS!$C$93:$Z$93,1,MATCH($B$3,NORMATIVOS!$C$1:$Z$1,0))="En proceso")+--(INDEX(NORMATIVOS!$C$94:$Z$94,1,MATCH($B$3,NORMATIVOS!$C$1:$Z$1,0))="En proceso")+--(INDEX(NORMATIVOS!$C$95:$Z$95,1,MATCH($B$3,NORMATIVOS!$C$1:$Z$1,0))="En proceso")+--(INDEX(NORMATIVOS!$C$96:$Z$96,1,MATCH($B$3,NORMATIVOS!$C$1:$Z$1,0))="En proceso")+--(INDEX(NORMATIVOS!$C$97:$Z$97,1,MATCH($B$3,NORMATIVOS!$C$1:$Z$1,0))="En proceso")+--(INDEX(NORMATIVOS!$C$98:$Z$98,1,MATCH($B$3,NORMATIVOS!$C$1:$Z$1,0))="En proceso")+--(INDEX(NORMATIVOS!$C$99:$Z$99,1,MATCH($B$3,NORMATIVOS!$C$1:$Z$1,0))="En proceso")+--(INDEX(NORMATIVOS!$C$100:$Z$100,1,MATCH($B$3,NORMATIVOS!$C$1:$Z$1,0))="En proceso")+--(INDEX(NORMATIVOS!$C$101:$Z$101,1,MATCH($B$3,NORMATIVOS!$C$1:$Z$1,0))="En proceso")+--(INDEX(NORMATIVOS!$C$102:$Z$102,1,MATCH($B$3,NORMATIVOS!$C$1:$Z$1,0))="En proceso")+--(INDEX(NORMATIVOS!$C$103:$Z$103,1,MATCH($B$3,NORMATIVOS!$C$1:$Z$1,0))="En proceso")+--(INDEX(NORMATIVOS!$C$104:$Z$104,1,MATCH($B$3,NORMATIVOS!$C$1:$Z$1,0))="En proceso") -> 2 | G12: =--(INDEX(NORMATIVOS!$C$79:$Z$79,1,MATCH($B$3,NORMATIVOS!$C$1:$Z$1,0))="Proyección")+--(INDEX(NORMATIVOS!$C$80:$Z$80,1,MATCH($B$3,NORMATIVOS!$C$1:$Z$1,0))="Proyección")+--(INDEX(NORMATIVOS!$C$81:$Z$81,1,MATCH($B$3,NORMATIVOS!$C$1:$Z$1,0))="Proyección")+--(INDEX(NORMATIVOS!$C$82:$Z$82,1,MATCH($B$3,NORMATIVOS!$C$1:$Z$1,0))="Proyección")+--(INDEX(NORMATIVOS!$C$83:$Z$83,1,MATCH($B$3,NORMATIVOS!$C$1:$Z$1,0))="Proyección")+--(INDEX(NORMATIVOS!$C$84:$Z$84,1,MATCH($B$3,NORMATIVOS!$C$1:$Z$1,0))="Proyección")+--(INDEX(NORMATIVOS!$C$85:$Z$85,1,MATCH($B$3,NORMATIVOS!$C$1:$Z$1,0))="Proyección")+--(INDEX(NORMATIVOS!$C$86:$Z$86,1,MATCH($B$3,NORMATIVOS!$C$1:$Z$1,0))="Proyección")+--(INDEX(NORMATIVOS!$C$87:$Z$87,1,MATCH($B$3,NORMATIVOS!$C$1:$Z$1,0))="Proyección")+--(INDEX(NORMATIVOS!$C$88:$Z$88,1,MATCH($B$3,NORMATIVOS!$C$1:$Z$1,0))="Proyección")+--(INDEX(NORMATIVOS!$C$89:$Z$89,1,MATCH($B$3,NORMATIVOS!$C$1:$Z$1,0))="Proyección")+--(INDEX(NORMATIVOS!$C$90:$Z$90,1,MATCH($B$3,NORMATIVOS!$C$1:$Z$1,0))="Proyección")+--(INDEX(NORMATIVOS!$C$91:$Z$91,1,MATCH($B$3,NORMATIVOS!$C$1:$Z$1,0))="Proyección")+--(INDEX(NORMATIVOS!$C$92:$Z$92,1,MATCH($B$3,NORMATIVOS!$C$1:$Z$1,0))="Proyección")+--(INDEX(NORMATIVOS!$C$93:$Z$93,1,MATCH($B$3,NORMATIVOS!$C$1:$Z$1,0))="Proyección")+--(INDEX(NORMATIVOS!$C$94:$Z$94,1,MATCH($B$3,NORMATIVOS!$C$1:$Z$1,0))="Proyección")+--(INDEX(NORMATIVOS!$C$95:$Z$95,1,MATCH($B$3,NORMATIVOS!$C$1:$Z$1,0))="Proyección")+--(INDEX(NORMATIVOS!$C$96:$Z$96,1,MATCH($B$3,NORMATIVOS!$C$1:$Z$1,0))="Proyección")+--(INDEX(NORMATIVOS!$C$97:$Z$97,1,MATCH($B$3,NORMATIVOS!$C$1:$Z$1,0))="Proyección")+--(INDEX(NORMATIVOS!$C$98:$Z$98,1,MATCH($B$3,NORMATIVOS!$C$1:$Z$1,0))="Proyección")+--(INDEX(NORMATIVOS!$C$99:$Z$99,1,MATCH($B$3,NORMATIVOS!$C$1:$Z$1,0))="Proyección")+--(INDEX(NORMATIVOS!$C$100:$Z$100,1,MATCH($B$3,NORMATIVOS!$C$1:$Z$1,0))="Proyección")+--(INDEX(NORMATIVOS!$C$101:$Z$101,1,MATCH($B$3,NORMATIVOS!$C$1:$Z$1,0))="Proyección")+--(INDEX(NORMATIVOS!$C$102:$Z$102,1,MATCH($B$3,NORMATIVOS!$C$1:$Z$1,0))="Proyección")+--(INDEX(NORMATIVOS!$C$103:$Z$103,1,MATCH($B$3,NORMATIVOS!$C$1:$Z$1,0))="Proyección")+--(INDEX(NORMATIVOS!$C$104:$Z$104,1,MATCH($B$3,NORMATIVOS!$C$1:$Z$1,0))="Proyección") -> 21 | H12: =IFERROR(E12/(E12+F12+G12),0) -> 0.11538462
D13: ELEMENTOS DE FUERZA | E13: =--(INDEX(NORMATIVOS!$C$107:$Z$107,1,MATCH($B$3,NORMATIVOS!$C$1:$Z$1,0))="Consolidado")+--(INDEX(NORMATIVOS!$C$108:$Z$108,1,MATCH($B$3,NORMATIVOS!$C$1:$Z$1,0))="Consolidado")+--(INDEX(NORMATIVOS!$C$109:$Z$109,1,MATCH($B$3,NORMATIVOS!$C$1:$Z$1,0))="Consolidado")+--(INDEX(NORMATIVOS!$C$110:$Z$110,1,MATCH($B$3,NORMATIVOS!$C$1:$Z$1,0))="Consolidado")+--(INDEX(NORMATIVOS!$C$111:$Z$111,1,MATCH($B$3,NORMATIVOS!$C$1:$Z$1,0))="Consolidado")+--(INDEX(NORMATIVOS!$C$112:$Z$112,1,MATCH($B$3,NORMATIVOS!$C$1:$Z$1,0))="Consolidado")+--(INDEX(NORMATIVOS!$C$113:$Z$113,1,MATCH($B$3,NORMATIVOS!$C$1:$Z$1,0))="Consolidado")+--(INDEX(NORMATIVOS!$C$114:$Z$114,1,MATCH($B$3,NORMATIVOS!$C$1:$Z$1,0))="Consolidado")+--(INDEX(NORMATIVOS!$C$115:$Z$115,1,MATCH($B$3,NORMATIVOS!$C$1:$Z$1,0))="Consolidado")+--(INDEX(NORMATIVOS!$C$116:$Z$116,1,MATCH($B$3,NORMATIVOS!$C$1:$Z$1,0))="Consolidado")+--(INDEX(NORMATIVOS!$C$117:$Z$117,1,MATCH($B$3,NORMATIVOS!$C$1:$Z$1,0))="Consolidado")+--(INDEX(NORMATIVOS!$C$118:$Z$118,1,MATCH($B$3,NORMATIVOS!$C$1:$Z$1,0))="Consolidado")+--(INDEX(NORMATIVOS!$C$119:$Z$119,1,MATCH($B$3,NORMATIVOS!$C$1:$Z$1,0))="Consolidado")+--(INDEX(NORMATIVOS!$C$120:$Z$120,1,MATCH($B$3,NORMATIVOS!$C$1:$Z$1,0))="Consolidado")+--(INDEX(NORMATIVOS!$C$121:$Z$121,1,MATCH($B$3,NORMATIVOS!$C$1:$Z$1,0))="Consolidado") -> 9 | F13: =--(INDEX(NORMATIVOS!$C$107:$Z$107,1,MATCH($B$3,NORMATIVOS!$C$1:$Z$1,0))="En proceso")+--(INDEX(NORMATIVOS!$C$108:$Z$108,1,MATCH($B$3,NORMATIVOS!$C$1:$Z$1,0))="En proceso")+--(INDEX(NORMATIVOS!$C$109:$Z$109,1,MATCH($B$3,NORMATIVOS!$C$1:$Z$1,0))="En proceso")+--(INDEX(NORMATIVOS!$C$110:$Z$110,1,MATCH($B$3,NORMATIVOS!$C$1:$Z$1,0))="En proceso")+--(INDEX(NORMATIVOS!$C$111:$Z$111,1,MATCH($B$3,NORMATIVOS!$C$1:$Z$1,0))="En proceso")+--(INDEX(NORMATIVOS!$C$112:$Z$112,1,MATCH($B$3,NORMATIVOS!$C$1:$Z$1,0))="En proceso")+--(INDEX(NORMATIVOS!$C$113:$Z$113,1,MATCH($B$3,NORMATIVOS!$C$1:$Z$1,0))="En proceso")+--(INDEX(NORMATIVOS!$C$114:$Z$114,1,MATCH($B$3,NORMATIVOS!$C$1:$Z$1,0))="En proceso")+--(INDEX(NORMATIVOS!$C$115:$Z$115,1,MATCH($B$3,NORMATIVOS!$C$1:$Z$1,0))="En proceso")+--(INDEX(NORMATIVOS!$C$116:$Z$116,1,MATCH($B$3,NORMATIVOS!$C$1:$Z$1,0))="En proceso")+--(INDEX(NORMATIVOS!$C$117:$Z$117,1,MATCH($B$3,NORMATIVOS!$C$1:$Z$1,0))="En proceso")+--(INDEX(NORMATIVOS!$C$118:$Z$118,1,MATCH($B$3,NORMATIVOS!$C$1:$Z$1,0))="En proceso")+--(INDEX(NORMATIVOS!$C$119:$Z$119,1,MATCH($B$3,NORMATIVOS!$C$1:$Z$1,0))="En proceso")+--(INDEX(NORMATIVOS!$C$120:$Z$120,1,MATCH($B$3,NORMATIVOS!$C$1:$Z$1,0))="En proceso")+--(INDEX(NORMATIVOS!$C$121:$Z$121,1,MATCH($B$3,NORMATIVOS!$C$1:$Z$1,0))="En proceso") -> 3 | G13: =--(INDEX(NORMATIVOS!$C$107:$Z$107,1,MATCH($B$3,NORMATIVOS!$C$1:$Z$1,0))="Proyección")+--(INDEX(NORMATIVOS!$C$108:$Z$108,1,MATCH($B$3,NORMATIVOS!$C$1:$Z$1,0))="Proyección")+--(INDEX(NORMATIVOS!$C$109:$Z$109,1,MATCH($B$3,NORMATIVOS!$C$1:$Z$1,0))="Proyección")+--(INDEX(NORMATIVOS!$C$110:$Z$110,1,MATCH($B$3,NORMATIVOS!$C$1:$Z$1,0))="Proyección")+--(INDEX(NORMATIVOS!$C$111:$Z$111,1,MATCH($B$3,NORMATIVOS!$C$1:$Z$1,0))="Proyección")+--(INDEX(NORMATIVOS!$C$112:$Z$112,1,MATCH($B$3,NORMATIVOS!$C$1:$Z$1,0))="Proyección")+--(INDEX(NORMATIVOS!$C$113:$Z$113,1,MATCH($B$3,NORMATIVOS!$C$1:$Z$1,0))="Proyección")+--(INDEX(NORMATIVOS!$C$114:$Z$114,1,MATCH($B$3,NORMATIVOS!$C$1:$Z$1,0))="Proyección")+--(INDEX(NORMATIVOS!$C$115:$Z$115,1,MATCH($B$3,NORMATIVOS!$C$1:$Z$1,0))="Proyección")+--(INDEX(NORMATIVOS!$C$116:$Z$116,1,MATCH($B$3,NORMATIVOS!$C$1:$Z$1,0))="Proyección")+--(INDEX(NORMATIVOS!$C$117:$Z$117,1,MATCH($B$3,NORMATIVOS!$C$1:$Z$1,0))="Proyección")+--(INDEX(NORMATIVOS!$C$118:$Z$118,1,MATCH($B$3,NORMATIVOS!$C$1:$Z$1,0))="Proyección")+--(INDEX(NORMATIVOS!$C$119:$Z$119,1,MATCH($B$3,NORMATIVOS!$C$1:$Z$1,0))="Proyección")+--(INDEX(NORMATIVOS!$C$120:$Z$120,1,MATCH($B$3,NORMATIVOS!$C$1:$Z$1,0))="Proyección")+--(INDEX(NORMATIVOS!$C$121:$Z$121,1,MATCH($B$3,NORMATIVOS!$C$1:$Z$1,0))="Proyección") -> 3 | H13: =IFERROR(E13/(E13+F13+G13),0) -> 0.6
D14: ELEMENTOS DE VUELO | E14: =--(INDEX(NORMATIVOS!$C$122:$Z$122,1,MATCH($B$3,NORMATIVOS!$C$1:$Z$1,0))="Consolidado")+--(INDEX(NORMATIVOS!$C$123:$Z$123,1,MATCH($B$3,NORMATIVOS!$C$1:$Z$1,0))="Consolidado")+--(INDEX(NORMATIVOS!$C$124:$Z$124,1,MATCH($B$3,NORMATIVOS!$C$1:$Z$1,0))="Consolidado")+--(INDEX(NORMATIVOS!$C$125:$Z$125,1,MATCH($B$3,NORMATIVOS!$C$1:$Z$1,0))="Consolidado")+--(INDEX(NORMATIVOS!$C$126:$Z$126,1,MATCH($B$3,NORMATIVOS!$C$1:$Z$1,0))="Consolidado")+--(INDEX(NORMATIVOS!$C$127:$Z$127,1,MATCH($B$3,NORMATIVOS!$C$1:$Z$1,0))="Consolidado")+--(INDEX(NORMATIVOS!$C$128:$Z$128,1,MATCH($B$3,NORMATIVOS!$C$1:$Z$1,0))="Consolidado")+--(INDEX(NORMATIVOS!$C$129:$Z$129,1,MATCH($B$3,NORMATIVOS!$C$1:$Z$1,0))="Consolidado")+--(INDEX(NORMATIVOS!$C$130:$Z$130,1,MATCH($B$3,NORMATIVOS!$C$1:$Z$1,0))="Consolidado")+--(INDEX(NORMATIVOS!$C$131:$Z$131,1,MATCH($B$3,NORMATIVOS!$C$1:$Z$1,0))="Consolidado")+--(INDEX(NORMATIVOS!$C$132:$Z$132,1,MATCH($B$3,NORMATIVOS!$C$1:$Z$1,0))="Consolidado")+--(INDEX(NORMATIVOS!$C$133:$Z$133,1,MATCH($B$3,NORMATIVOS!$C$1:$Z$1,0))="Consolidado")+--(INDEX(NORMATIVOS!$C$134:$Z$134,1,MATCH($B$3,NORMATIVOS!$C$1:$Z$1,0))="Consolidado")+--(INDEX(NORMATIVOS!$C$135:$Z$135,1,MATCH($B$3,NORMATIVOS!$C$1:$Z$1,0))="Consolidado")+--(INDEX(NORMATIVOS!$C$136:$Z$136,1,MATCH($B$3,NORMATIVOS!$C$1:$Z$1,0))="Consolidado")+--(INDEX(NORMATIVOS!$C$137:$Z$137,1,MATCH($B$3,NORMATIVOS!$C$1:$Z$1,0))="Consolidado")+--(INDEX(NORMATIVOS!$C$138:$Z$138,1,MATCH($B$3,NORMATIVOS!$C$1:$Z$1,0))="Consolidado")+--(INDEX(NORMATIVOS!$C$139:$Z$139,1,MATCH($B$3,NORMATIVOS!$C$1:$Z$1,0))="Consolidado")+--(INDEX(NORMATIVOS!$C$140:$Z$140,1,MATCH($B$3,NORMATIVOS!$C$1:$Z$1,0))="Consolidado")+--(INDEX(NORMATIVOS!$C$141:$Z$141,1,MATCH($B$3,NORMATIVOS!$C$1:$Z$1,0))="Consolidado") -> 5 | F14: =--(INDEX(NORMATIVOS!$C$122:$Z$122,1,MATCH($B$3,NORMATIVOS!$C$1:$Z$1,0))="En proceso")+--(INDEX(NORMATIVOS!$C$123:$Z$123,1,MATCH($B$3,NORMATIVOS!$C$1:$Z$1,0))="En proceso")+--(INDEX(NORMATIVOS!$C$124:$Z$124,1,MATCH($B$3,NORMATIVOS!$C$1:$Z$1,0))="En proceso")+--(INDEX(NORMATIVOS!$C$125:$Z$125,1,MATCH($B$3,NORMATIVOS!$C$1:$Z$1,0))="En proceso")+--(INDEX(NORMATIVOS!$C$126:$Z$126,1,MATCH($B$3,NORMATIVOS!$C$1:$Z$1,0))="En proceso")+--(INDEX(NORMATIVOS!$C$127:$Z$127,1,MATCH($B$3,NORMATIVOS!$C$1:$Z$1,0))="En proceso")+--(INDEX(NORMATIVOS!$C$128:$Z$128,1,MATCH($B$3,NORMATIVOS!$C$1:$Z$1,0))="En proceso")+--(INDEX(NORMATIVOS!$C$129:$Z$129,1,MATCH($B$3,NORMATIVOS!$C$1:$Z$1,0))="En proceso")+--(INDEX(NORMATIVOS!$C$130:$Z$130,1,MATCH($B$3,NORMATIVOS!$C$1:$Z$1,0))="En proceso")+--(INDEX(NORMATIVOS!$C$131:$Z$131,1,MATCH($B$3,NORMATIVOS!$C$1:$Z$1,0))="En proceso")+--(INDEX(NORMATIVOS!$C$132:$Z$132,1,MATCH($B$3,NORMATIVOS!$C$1:$Z$1,0))="En proceso")+--(INDEX(NORMATIVOS!$C$133:$Z$133,1,MATCH($B$3,NORMATIVOS!$C$1:$Z$1,0))="En proceso")+--(INDEX(NORMATIVOS!$C$134:$Z$134,1,MATCH($B$3,NORMATIVOS!$C$1:$Z$1,0))="En proceso")+--(INDEX(NORMATIVOS!$C$135:$Z$135,1,MATCH($B$3,NORMATIVOS!$C$1:$Z$1,0))="En proceso")+--(INDEX(NORMATIVOS!$C$136:$Z$136,1,MATCH($B$3,NORMATIVOS!$C$1:$Z$1,0))="En proceso")+--(INDEX(NORMATIVOS!$C$137:$Z$137,1,MATCH($B$3,NORMATIVOS!$C$1:$Z$1,0))="En proceso")+--(INDEX(NORMATIVOS!$C$138:$Z$138,1,MATCH($B$3,NORMATIVOS!$C$1:$Z$1,0))="En proceso")+--(INDEX(NORMATIVOS!$C$139:$Z$139,1,MATCH($B$3,NORMATIVOS!$C$1:$Z$1,0))="En proceso")+--(INDEX(NORMATIVOS!$C$140:$Z$140,1,MATCH($B$3,NORMATIVOS!$C$1:$Z$1,0))="En proceso")+--(INDEX(NORMATIVOS!$C$141:$Z$141,1,MATCH($B$3,NORMATIVOS!$C$1:$Z$1,0))="En proceso") -> 8 | G14: =--(INDEX(NORMATIVOS!$C$122:$Z$122,1,MATCH($B$3,NORMATIVOS!$C$1:$Z$1,0))="Proyección")+--(INDEX(NORMATIVOS!$C$123:$Z$123,1,MATCH($B$3,NORMATIVOS!$C$1:$Z$1,0))="Proyección")+--(INDEX(NORMATIVOS!$C$124:$Z$124,1,MATCH($B$3,NORMATIVOS!$C$1:$Z$1,0))="Proyección")+--(INDEX(NORMATIVOS!$C$125:$Z$125,1,MATCH($B$3,NORMATIVOS!$C$1:$Z$1,0))="Proyección")+--(INDEX(NORMATIVOS!$C$126:$Z$126,1,MATCH($B$3,NORMATIVOS!$C$1:$Z$1,0))="Proyección")+--(INDEX(NORMATIVOS!$C$127:$Z$127,1,MATCH($B$3,NORMATIVOS!$C$1:$Z$1,0))="Proyección")+--(INDEX(NORMATIVOS!$C$128:$Z$128,1,MATCH($B$3,NORMATIVOS!$C$1:$Z$1,0))="Proyección")+--(INDEX(NORMATIVOS!$C$129:$Z$129,1,MATCH($B$3,NORMATIVOS!$C$1:$Z$1,0))="Proyección")+--(INDEX(NORMATIVOS!$C$130:$Z$130,1,MATCH($B$3,NORMATIVOS!$C$1:$Z$1,0))="Proyección")+--(INDEX(NORMATIVOS!$C$131:$Z$131,1,MATCH($B$3,NORMATIVOS!$C$1:$Z$1,0))="Proyección")+--(INDEX(NORMATIVOS!$C$132:$Z$132,1,MATCH($B$3,NORMATIVOS!$C$1:$Z$1,0))="Proyección")+--(INDEX(NORMATIVOS!$C$133:$Z$133,1,MATCH($B$3,NORMATIVOS!$C$1:$Z$1,0))="Proyección")+--(INDEX(NORMATIVOS!$C$134:$Z$134,1,MATCH($B$3,NORMATIVOS!$C$1:$Z$1,0))="Proyección")+--(INDEX(NORMATIVOS!$C$135:$Z$135,1,MATCH($B$3,NORMATIVOS!$C$1:$Z$1,0))="Proyección")+--(INDEX(NORMATIVOS!$C$136:$Z$136,1,MATCH($B$3,NORMATIVOS!$C$1:$Z$1,0))="Proyección")+--(INDEX(NORMATIVOS!$C$137:$Z$137,1,MATCH($B$3,NORMATIVOS!$C$1:$Z$1,0))="Proyección")+--(INDEX(NORMATIVOS!$C$138:$Z$138,1,MATCH($B$3,NORMATIVOS!$C$1:$Z$1,0))="Proyección")+--(INDEX(NORMATIVOS!$C$139:$Z$139,1,MATCH($B$3,NORMATIVOS!$C$1:$Z$1,0))="Proyección")+--(INDEX(NORMATIVOS!$C$140:$Z$140,1,MATCH($B$3,NORMATIVOS!$C$1:$Z$1,0))="Proyección")+--(INDEX(NORMATIVOS!$C$141:$Z$141,1,MATCH($B$3,NORMATIVOS!$C$1:$Z$1,0))="Proyección") -> 7 | H14: =IFERROR(E14/(E14+F14+G14),0) -> 0.25
D15: ACCIONES SIN TABLA DE SALTO | E15: =--(INDEX(NORMATIVOS!$C$144:$Z$144,1,MATCH($B$3,NORMATIVOS!$C$1:$Z$1,0))="Consolidado")+--(INDEX(NORMATIVOS!$C$145:$Z$145,1,MATCH($B$3,NORMATIVOS!$C$1:$Z$1,0))="Consolidado")+--(INDEX(NORMATIVOS!$C$146:$Z$146,1,MATCH($B$3,NORMATIVOS!$C$1:$Z$1,0))="Consolidado")+--(INDEX(NORMATIVOS!$C$147:$Z$147,1,MATCH($B$3,NORMATIVOS!$C$1:$Z$1,0))="Consolidado")+--(INDEX(NORMATIVOS!$C$148:$Z$148,1,MATCH($B$3,NORMATIVOS!$C$1:$Z$1,0))="Consolidado")+--(INDEX(NORMATIVOS!$C$149:$Z$149,1,MATCH($B$3,NORMATIVOS!$C$1:$Z$1,0))="Consolidado")+--(INDEX(NORMATIVOS!$C$150:$Z$150,1,MATCH($B$3,NORMATIVOS!$C$1:$Z$1,0))="Consolidado") -> 7 | F15: =--(INDEX(NORMATIVOS!$C$144:$Z$144,1,MATCH($B$3,NORMATIVOS!$C$1:$Z$1,0))="En proceso")+--(INDEX(NORMATIVOS!$C$145:$Z$145,1,MATCH($B$3,NORMATIVOS!$C$1:$Z$1,0))="En proceso")+--(INDEX(NORMATIVOS!$C$146:$Z$146,1,MATCH($B$3,NORMATIVOS!$C$1:$Z$1,0))="En proceso")+--(INDEX(NORMATIVOS!$C$147:$Z$147,1,MATCH($B$3,NORMATIVOS!$C$1:$Z$1,0))="En proceso")+--(INDEX(NORMATIVOS!$C$148:$Z$148,1,MATCH($B$3,NORMATIVOS!$C$1:$Z$1,0))="En proceso")+--(INDEX(NORMATIVOS!$C$149:$Z$149,1,MATCH($B$3,NORMATIVOS!$C$1:$Z$1,0))="En proceso")+--(INDEX(NORMATIVOS!$C$150:$Z$150,1,MATCH($B$3,NORMATIVOS!$C$1:$Z$1,0))="En proceso") -> 0 | G15: =--(INDEX(NORMATIVOS!$C$144:$Z$144,1,MATCH($B$3,NORMATIVOS!$C$1:$Z$1,0))="Proyección")+--(INDEX(NORMATIVOS!$C$145:$Z$145,1,MATCH($B$3,NORMATIVOS!$C$1:$Z$1,0))="Proyección")+--(INDEX(NORMATIVOS!$C$146:$Z$146,1,MATCH($B$3,NORMATIVOS!$C$1:$Z$1,0))="Proyección")+--(INDEX(NORMATIVOS!$C$147:$Z$147,1,MATCH($B$3,NORMATIVOS!$C$1:$Z$1,0))="Proyección")+--(INDEX(NORMATIVOS!$C$148:$Z$148,1,MATCH($B$3,NORMATIVOS!$C$1:$Z$1,0))="Proyección")+--(INDEX(NORMATIVOS!$C$149:$Z$149,1,MATCH($B$3,NORMATIVOS!$C$1:$Z$1,0))="Proyección")+--(INDEX(NORMATIVOS!$C$150:$Z$150,1,MATCH($B$3,NORMATIVOS!$C$1:$Z$1,0))="Proyección") -> 0 | H15: =IFERROR(E15/(E15+F15+G15),0) -> 1
D16: SALTOS | E16: =--(INDEX(NORMATIVOS!$C$151:$Z$151,1,MATCH($B$3,NORMATIVOS!$C$1:$Z$1,0))="Consolidado")+--(INDEX(NORMATIVOS!$C$152:$Z$152,1,MATCH($B$3,NORMATIVOS!$C$1:$Z$1,0))="Consolidado")+--(INDEX(NORMATIVOS!$C$153:$Z$153,1,MATCH($B$3,NORMATIVOS!$C$1:$Z$1,0))="Consolidado")+--(INDEX(NORMATIVOS!$C$154:$Z$154,1,MATCH($B$3,NORMATIVOS!$C$1:$Z$1,0))="Consolidado")+--(INDEX(NORMATIVOS!$C$155:$Z$155,1,MATCH($B$3,NORMATIVOS!$C$1:$Z$1,0))="Consolidado")+--(INDEX(NORMATIVOS!$C$156:$Z$156,1,MATCH($B$3,NORMATIVOS!$C$1:$Z$1,0))="Consolidado")+--(INDEX(NORMATIVOS!$C$157:$Z$157,1,MATCH($B$3,NORMATIVOS!$C$1:$Z$1,0))="Consolidado")+--(INDEX(NORMATIVOS!$C$158:$Z$158,1,MATCH($B$3,NORMATIVOS!$C$1:$Z$1,0))="Consolidado")+--(INDEX(NORMATIVOS!$C$159:$Z$159,1,MATCH($B$3,NORMATIVOS!$C$1:$Z$1,0))="Consolidado")+--(INDEX(NORMATIVOS!$C$160:$Z$160,1,MATCH($B$3,NORMATIVOS!$C$1:$Z$1,0))="Consolidado")+--(INDEX(NORMATIVOS!$C$161:$Z$161,1,MATCH($B$3,NORMATIVOS!$C$1:$Z$1,0))="Consolidado")+--(INDEX(NORMATIVOS!$C$162:$Z$162,1,MATCH($B$3,NORMATIVOS!$C$1:$Z$1,0))="Consolidado")+--(INDEX(NORMATIVOS!$C$163:$Z$163,1,MATCH($B$3,NORMATIVOS!$C$1:$Z$1,0))="Consolidado")+--(INDEX(NORMATIVOS!$C$164:$Z$164,1,MATCH($B$3,NORMATIVOS!$C$1:$Z$1,0))="Consolidado")+--(INDEX(NORMATIVOS!$C$165:$Z$165,1,MATCH($B$3,NORMATIVOS!$C$1:$Z$1,0))="Consolidado")+--(INDEX(NORMATIVOS!$C$166:$Z$166,1,MATCH($B$3,NORMATIVOS!$C$1:$Z$1,0))="Consolidado")+--(INDEX(NORMATIVOS!$C$167:$Z$167,1,MATCH($B$3,NORMATIVOS!$C$1:$Z$1,0))="Consolidado")+--(INDEX(NORMATIVOS!$C$168:$Z$168,1,MATCH($B$3,NORMATIVOS!$C$1:$Z$1,0))="Consolidado")+--(INDEX(NORMATIVOS!$C$169:$Z$169,1,MATCH($B$3,NORMATIVOS!$C$1:$Z$1,0))="Consolidado")+--(INDEX(NORMATIVOS!$C$170:$Z$170,1,MATCH($B$3,NORMATIVOS!$C$1:$Z$1,0))="Consolidado")+--(INDEX(NORMATIVOS!$C$171:$Z$171,1,MATCH($B$3,NORMATIVOS!$C$1:$Z$1,0))="Consolidado")+--(INDEX(NORMATIVOS!$C$172:$Z$172,1,MATCH($B$3,NORMATIVOS!$C$1:$Z$1,0))="Consolidado") -> 4 | F16: =--(INDEX(NORMATIVOS!$C$151:$Z$151,1,MATCH($B$3,NORMATIVOS!$C$1:$Z$1,0))="En proceso")+--(INDEX(NORMATIVOS!$C$152:$Z$152,1,MATCH($B$3,NORMATIVOS!$C$1:$Z$1,0))="En proceso")+--(INDEX(NORMATIVOS!$C$153:$Z$153,1,MATCH($B$3,NORMATIVOS!$C$1:$Z$1,0))="En proceso")+--(INDEX(NORMATIVOS!$C$154:$Z$154,1,MATCH($B$3,NORMATIVOS!$C$1:$Z$1,0))="En proceso")+--(INDEX(NORMATIVOS!$C$155:$Z$155,1,MATCH($B$3,NORMATIVOS!$C$1:$Z$1,0))="En proceso")+--(INDEX(NORMATIVOS!$C$156:$Z$156,1,MATCH($B$3,NORMATIVOS!$C$1:$Z$1,0))="En proceso")+--(INDEX(NORMATIVOS!$C$157:$Z$157,1,MATCH($B$3,NORMATIVOS!$C$1:$Z$1,0))="En proceso")+--(INDEX(NORMATIVOS!$C$158:$Z$158,1,MATCH($B$3,NORMATIVOS!$C$1:$Z$1,0))="En proceso")+--(INDEX(NORMATIVOS!$C$159:$Z$159,1,MATCH($B$3,NORMATIVOS!$C$1:$Z$1,0))="En proceso")+--(INDEX(NORMATIVOS!$C$160:$Z$160,1,MATCH($B$3,NORMATIVOS!$C$1:$Z$1,0))="En proceso")+--(INDEX(NORMATIVOS!$C$161:$Z$161,1,MATCH($B$3,NORMATIVOS!$C$1:$Z$1,0))="En proceso")+--(INDEX(NORMATIVOS!$C$162:$Z$162,1,MATCH($B$3,NORMATIVOS!$C$1:$Z$1,0))="En proceso")+--(INDEX(NORMATIVOS!$C$163:$Z$163,1,MATCH($B$3,NORMATIVOS!$C$1:$Z$1,0))="En proceso")+--(INDEX(NORMATIVOS!$C$164:$Z$164,1,MATCH($B$3,NORMATIVOS!$C$1:$Z$1,0))="En proceso")+--(INDEX(NORMATIVOS!$C$165:$Z$165,1,MATCH($B$3,NORMATIVOS!$C$1:$Z$1,0))="En proceso")+--(INDEX(NORMATIVOS!$C$166:$Z$166,1,MATCH($B$3,NORMATIVOS!$C$1:$Z$1,0))="En proceso")+--(INDEX(NORMATIVOS!$C$167:$Z$167,1,MATCH($B$3,NORMATIVOS!$C$1:$Z$1,0))="En proceso")+--(INDEX(NORMATIVOS!$C$168:$Z$168,1,MATCH($B$3,NORMATIVOS!$C$1:$Z$1,0))="En proceso")+--(INDEX(NORMATIVOS!$C$169:$Z$169,1,MATCH($B$3,NORMATIVOS!$C$1:$Z$1,0))="En proceso")+--(INDEX(NORMATIVOS!$C$170:$Z$170,1,MATCH($B$3,NORMATIVOS!$C$1:$Z$1,0))="En proceso")+--(INDEX(NORMATIVOS!$C$171:$Z$171,1,MATCH($B$3,NORMATIVOS!$C$1:$Z$1,0))="En proceso")+--(INDEX(NORMATIVOS!$C$172:$Z$172,1,MATCH($B$3,NORMATIVOS!$C$1:$Z$1,0))="En proceso") -> 3 | G16: =--(INDEX(NORMATIVOS!$C$151:$Z$151,1,MATCH($B$3,NORMATIVOS!$C$1:$Z$1,0))="Proyección")+--(INDEX(NORMATIVOS!$C$152:$Z$152,1,MATCH($B$3,NORMATIVOS!$C$1:$Z$1,0))="Proyección")+--(INDEX(NORMATIVOS!$C$153:$Z$153,1,MATCH($B$3,NORMATIVOS!$C$1:$Z$1,0))="Proyección")+--(INDEX(NORMATIVOS!$C$154:$Z$154,1,MATCH($B$3,NORMATIVOS!$C$1:$Z$1,0))="Proyección")+--(INDEX(NORMATIVOS!$C$155:$Z$155,1,MATCH($B$3,NORMATIVOS!$C$1:$Z$1,0))="Proyección")+--(INDEX(NORMATIVOS!$C$156:$Z$156,1,MATCH($B$3,NORMATIVOS!$C$1:$Z$1,0))="Proyección")+--(INDEX(NORMATIVOS!$C$157:$Z$157,1,MATCH($B$3,NORMATIVOS!$C$1:$Z$1,0))="Proyección")+--(INDEX(NORMATIVOS!$C$158:$Z$158,1,MATCH($B$3,NORMATIVOS!$C$1:$Z$1,0))="Proyección")+--(INDEX(NORMATIVOS!$C$159:$Z$159,1,MATCH($B$3,NORMATIVOS!$C$1:$Z$1,0))="Proyección")+--(INDEX(NORMATIVOS!$C$160:$Z$160,1,MATCH($B$3,NORMATIVOS!$C$1:$Z$1,0))="Proyección")+--(INDEX(NORMATIVOS!$C$161:$Z$161,1,MATCH($B$3,NORMATIVOS!$C$1:$Z$1,0))="Proyección")+--(INDEX(NORMATIVOS!$C$162:$Z$162,1,MATCH($B$3,NORMATIVOS!$C$1:$Z$1,0))="Proyección")+--(INDEX(NORMATIVOS!$C$163:$Z$163,1,MATCH($B$3,NORMATIVOS!$C$1:$Z$1,0))="Proyección")+--(INDEX(NORMATIVOS!$C$164:$Z$164,1,MATCH($B$3,NORMATIVOS!$C$1:$Z$1,0))="Proyección")+--(INDEX(NORMATIVOS!$C$165:$Z$165,1,MATCH($B$3,NORMATIVOS!$C$1:$Z$1,0))="Proyección")+--(INDEX(NORMATIVOS!$C$166:$Z$166,1,MATCH($B$3,NORMATIVOS!$C$1:$Z$1,0))="Proyección")+--(INDEX(NORMATIVOS!$C$167:$Z$167,1,MATCH($B$3,NORMATIVOS!$C$1:$Z$1,0))="Proyección")+--(INDEX(NORMATIVOS!$C$168:$Z$168,1,MATCH($B$3,NORMATIVOS!$C$1:$Z$1,0))="Proyección")+--(INDEX(NORMATIVOS!$C$169:$Z$169,1,MATCH($B$3,NORMATIVOS!$C$1:$Z$1,0))="Proyección")+--(INDEX(NORMATIVOS!$C$170:$Z$170,1,MATCH($B$3,NORMATIVOS!$C$1:$Z$1,0))="Proyección")+--(INDEX(NORMATIVOS!$C$171:$Z$171,1,MATCH($B$3,NORMATIVOS!$C$1:$Z$1,0))="Proyección")+--(INDEX(NORMATIVOS!$C$172:$Z$172,1,MATCH($B$3,NORMATIVOS!$C$1:$Z$1,0))="Proyección") -> 15 | H16: =IFERROR(E16/(E16+F16+G16),0) -> 0.18181818
D17: ELEMENTOS EN SUSPENSION | E17: =--(INDEX(NORMATIVOS!$C$175:$Z$175,1,MATCH($B$3,NORMATIVOS!$C$1:$Z$1,0))="Consolidado")+--(INDEX(NORMATIVOS!$C$176:$Z$176,1,MATCH($B$3,NORMATIVOS!$C$1:$Z$1,0))="Consolidado")+--(INDEX(NORMATIVOS!$C$177:$Z$177,1,MATCH($B$3,NORMATIVOS!$C$1:$Z$1,0))="Consolidado")+--(INDEX(NORMATIVOS!$C$178:$Z$178,1,MATCH($B$3,NORMATIVOS!$C$1:$Z$1,0))="Consolidado")+--(INDEX(NORMATIVOS!$C$179:$Z$179,1,MATCH($B$3,NORMATIVOS!$C$1:$Z$1,0))="Consolidado")+--(INDEX(NORMATIVOS!$C$180:$Z$180,1,MATCH($B$3,NORMATIVOS!$C$1:$Z$1,0))="Consolidado")+--(INDEX(NORMATIVOS!$C$181:$Z$181,1,MATCH($B$3,NORMATIVOS!$C$1:$Z$1,0))="Consolidado")+--(INDEX(NORMATIVOS!$C$182:$Z$182,1,MATCH($B$3,NORMATIVOS!$C$1:$Z$1,0))="Consolidado")+--(INDEX(NORMATIVOS!$C$183:$Z$183,1,MATCH($B$3,NORMATIVOS!$C$1:$Z$1,0))="Consolidado")+--(INDEX(NORMATIVOS!$C$184:$Z$184,1,MATCH($B$3,NORMATIVOS!$C$1:$Z$1,0))="Consolidado")+--(INDEX(NORMATIVOS!$C$185:$Z$185,1,MATCH($B$3,NORMATIVOS!$C$1:$Z$1,0))="Consolidado")+--(INDEX(NORMATIVOS!$C$186:$Z$186,1,MATCH($B$3,NORMATIVOS!$C$1:$Z$1,0))="Consolidado")+--(INDEX(NORMATIVOS!$C$187:$Z$187,1,MATCH($B$3,NORMATIVOS!$C$1:$Z$1,0))="Consolidado")+--(INDEX(NORMATIVOS!$C$188:$Z$188,1,MATCH($B$3,NORMATIVOS!$C$1:$Z$1,0))="Consolidado")+--(INDEX(NORMATIVOS!$C$189:$Z$189,1,MATCH($B$3,NORMATIVOS!$C$1:$Z$1,0))="Consolidado")+--(INDEX(NORMATIVOS!$C$190:$Z$190,1,MATCH($B$3,NORMATIVOS!$C$1:$Z$1,0))="Consolidado")+--(INDEX(NORMATIVOS!$C$191:$Z$191,1,MATCH($B$3,NORMATIVOS!$C$1:$Z$1,0))="Consolidado")+--(INDEX(NORMATIVOS!$C$192:$Z$192,1,MATCH($B$3,NORMATIVOS!$C$1:$Z$1,0))="Consolidado") -> 9 | F17: =--(INDEX(NORMATIVOS!$C$175:$Z$175,1,MATCH($B$3,NORMATIVOS!$C$1:$Z$1,0))="En proceso")+--(INDEX(NORMATIVOS!$C$176:$Z$176,1,MATCH($B$3,NORMATIVOS!$C$1:$Z$1,0))="En proceso")+--(INDEX(NORMATIVOS!$C$177:$Z$177,1,MATCH($B$3,NORMATIVOS!$C$1:$Z$1,0))="En proceso")+--(INDEX(NORMATIVOS!$C$178:$Z$178,1,MATCH($B$3,NORMATIVOS!$C$1:$Z$1,0))="En proceso")+--(INDEX(NORMATIVOS!$C$179:$Z$179,1,MATCH($B$3,NORMATIVOS!$C$1:$Z$1,0))="En proceso")+--(INDEX(NORMATIVOS!$C$180:$Z$180,1,MATCH($B$3,NORMATIVOS!$C$1:$Z$1,0))="En proceso")+--(INDEX(NORMATIVOS!$C$181:$Z$181,1,MATCH($B$3,NORMATIVOS!$C$1:$Z$1,0))="En proceso")+--(INDEX(NORMATIVOS!$C$182:$Z$182,1,MATCH($B$3,NORMATIVOS!$C$1:$Z$1,0))="En proceso")+--(INDEX(NORMATIVOS!$C$183:$Z$183,1,MATCH($B$3,NORMATIVOS!$C$1:$Z$1,0))="En proceso")+--(INDEX(NORMATIVOS!$C$184:$Z$184,1,MATCH($B$3,NORMATIVOS!$C$1:$Z$1,0))="En proceso")+--(INDEX(NORMATIVOS!$C$185:$Z$185,1,MATCH($B$3,NORMATIVOS!$C$1:$Z$1,0))="En proceso")+--(INDEX(NORMATIVOS!$C$186:$Z$186,1,MATCH($B$3,NORMATIVOS!$C$1:$Z$1,0))="En proceso")+--(INDEX(NORMATIVOS!$C$187:$Z$187,1,MATCH($B$3,NORMATIVOS!$C$1:$Z$1,0))="En proceso")+--(INDEX(NORMATIVOS!$C$188:$Z$188,1,MATCH($B$3,NORMATIVOS!$C$1:$Z$1,0))="En proceso")+--(INDEX(NORMATIVOS!$C$189:$Z$189,1,MATCH($B$3,NORMATIVOS!$C$1:$Z$1,0))="En proceso")+--(INDEX(NORMATIVOS!$C$190:$Z$190,1,MATCH($B$3,NORMATIVOS!$C$1:$Z$1,0))="En proceso")+--(INDEX(NORMATIVOS!$C$191:$Z$191,1,MATCH($B$3,NORMATIVOS!$C$1:$Z$1,0))="En proceso")+--(INDEX(NORMATIVOS!$C$192:$Z$192,1,MATCH($B$3,NORMATIVOS!$C$1:$Z$1,0))="En proceso") -> 0 | G17: =--(INDEX(NORMATIVOS!$C$175:$Z$175,1,MATCH($B$3,NORMATIVOS!$C$1:$Z$1,0))="Proyección")+--(INDEX(NORMATIVOS!$C$176:$Z$176,1,MATCH($B$3,NORMATIVOS!$C$1:$Z$1,0))="Proyección")+--(INDEX(NORMATIVOS!$C$177:$Z$177,1,MATCH($B$3,NORMATIVOS!$C$1:$Z$1,0))="Proyección")+--(INDEX(NORMATIVOS!$C$178:$Z$178,1,MATCH($B$3,NORMATIVOS!$C$1:$Z$1,0))="Proyección")+--(INDEX(NORMATIVOS!$C$179:$Z$179,1,MATCH($B$3,NORMATIVOS!$C$1:$Z$1,0))="Proyección")+--(INDEX(NORMATIVOS!$C$180:$Z$180,1,MATCH($B$3,NORMATIVOS!$C$1:$Z$1,0))="Proyección")+--(INDEX(NORMATIVOS!$C$181:$Z$181,1,MATCH($B$3,NORMATIVOS!$C$1:$Z$1,0))="Proyección")+--(INDEX(NORMATIVOS!$C$182:$Z$182,1,MATCH($B$3,NORMATIVOS!$C$1:$Z$1,0))="Proyección")+--(INDEX(NORMATIVOS!$C$183:$Z$183,1,MATCH($B$3,NORMATIVOS!$C$1:$Z$1,0))="Proyección")+--(INDEX(NORMATIVOS!$C$184:$Z$184,1,MATCH($B$3,NORMATIVOS!$C$1:$Z$1,0))="Proyección")+--(INDEX(NORMATIVOS!$C$185:$Z$185,1,MATCH($B$3,NORMATIVOS!$C$1:$Z$1,0))="Proyección")+--(INDEX(NORMATIVOS!$C$186:$Z$186,1,MATCH($B$3,NORMATIVOS!$C$1:$Z$1,0))="Proyección")+--(INDEX(NORMATIVOS!$C$187:$Z$187,1,MATCH($B$3,NORMATIVOS!$C$1:$Z$1,0))="Proyección")+--(INDEX(NORMATIVOS!$C$188:$Z$188,1,MATCH($B$3,NORMATIVOS!$C$1:$Z$1,0))="Proyección")+--(INDEX(NORMATIVOS!$C$189:$Z$189,1,MATCH($B$3,NORMATIVOS!$C$1:$Z$1,0))="Proyección")+--(INDEX(NORMATIVOS!$C$190:$Z$190,1,MATCH($B$3,NORMATIVOS!$C$1:$Z$1,0))="Proyección")+--(INDEX(NORMATIVOS!$C$191:$Z$191,1,MATCH($B$3,NORMATIVOS!$C$1:$Z$1,0))="Proyección")+--(INDEX(NORMATIVOS!$C$192:$Z$192,1,MATCH($B$3,NORMATIVOS!$C$1:$Z$1,0))="Proyección") -> 9 | H17: =IFERROR(E17/(E17+F17+G17),0) -> 0.5
D18: ELEMENTOS EN APOYO | E18: =--(INDEX(NORMATIVOS!$C$193:$Z$193,1,MATCH($B$3,NORMATIVOS!$C$1:$Z$1,0))="Consolidado")+--(INDEX(NORMATIVOS!$C$194:$Z$194,1,MATCH($B$3,NORMATIVOS!$C$1:$Z$1,0))="Consolidado")+--(INDEX(NORMATIVOS!$C$195:$Z$195,1,MATCH($B$3,NORMATIVOS!$C$1:$Z$1,0))="Consolidado")+--(INDEX(NORMATIVOS!$C$196:$Z$196,1,MATCH($B$3,NORMATIVOS!$C$1:$Z$1,0))="Consolidado")+--(INDEX(NORMATIVOS!$C$197:$Z$197,1,MATCH($B$3,NORMATIVOS!$C$1:$Z$1,0))="Consolidado")+--(INDEX(NORMATIVOS!$C$198:$Z$198,1,MATCH($B$3,NORMATIVOS!$C$1:$Z$1,0))="Consolidado")+--(INDEX(NORMATIVOS!$C$199:$Z$199,1,MATCH($B$3,NORMATIVOS!$C$1:$Z$1,0))="Consolidado")+--(INDEX(NORMATIVOS!$C$200:$Z$200,1,MATCH($B$3,NORMATIVOS!$C$1:$Z$1,0))="Consolidado")+--(INDEX(NORMATIVOS!$C$201:$Z$201,1,MATCH($B$3,NORMATIVOS!$C$1:$Z$1,0))="Consolidado")+--(INDEX(NORMATIVOS!$C$202:$Z$202,1,MATCH($B$3,NORMATIVOS!$C$1:$Z$1,0))="Consolidado")+--(INDEX(NORMATIVOS!$C$203:$Z$203,1,MATCH($B$3,NORMATIVOS!$C$1:$Z$1,0))="Consolidado")+--(INDEX(NORMATIVOS!$C$204:$Z$204,1,MATCH($B$3,NORMATIVOS!$C$1:$Z$1,0))="Consolidado")+--(INDEX(NORMATIVOS!$C$205:$Z$205,1,MATCH($B$3,NORMATIVOS!$C$1:$Z$1,0))="Consolidado")+--(INDEX(NORMATIVOS!$C$206:$Z$206,1,MATCH($B$3,NORMATIVOS!$C$1:$Z$1,0))="Consolidado")+--(INDEX(NORMATIVOS!$C$207:$Z$207,1,MATCH($B$3,NORMATIVOS!$C$1:$Z$1,0))="Consolidado")+--(INDEX(NORMATIVOS!$C$208:$Z$208,1,MATCH($B$3,NORMATIVOS!$C$1:$Z$1,0))="Consolidado")+--(INDEX(NORMATIVOS!$C$209:$Z$209,1,MATCH($B$3,NORMATIVOS!$C$1:$Z$1,0))="Consolidado")+--(INDEX(NORMATIVOS!$C$210:$Z$210,1,MATCH($B$3,NORMATIVOS!$C$1:$Z$1,0))="Consolidado")+--(INDEX(NORMATIVOS!$C$211:$Z$211,1,MATCH($B$3,NORMATIVOS!$C$1:$Z$1,0))="Consolidado")+--(INDEX(NORMATIVOS!$C$212:$Z$212,1,MATCH($B$3,NORMATIVOS!$C$1:$Z$1,0))="Consolidado")+--(INDEX(NORMATIVOS!$C$213:$Z$213,1,MATCH($B$3,NORMATIVOS!$C$1:$Z$1,0))="Consolidado")+--(INDEX(NORMATIVOS!$C$214:$Z$214,1,MATCH($B$3,NORMATIVOS!$C$1:$Z$1,0))="Consolidado")+--(INDEX(NORMATIVOS!$C$215:$Z$215,1,MATCH($B$3,NORMATIVOS!$C$1:$Z$1,0))="Consolidado")+--(INDEX(NORMATIVOS!$C$216:$Z$216,1,MATCH($B$3,NORMATIVOS!$C$1:$Z$1,0))="Consolidado") -> 11 | F18: =--(INDEX(NORMATIVOS!$C$193:$Z$193,1,MATCH($B$3,NORMATIVOS!$C$1:$Z$1,0))="En proceso")+--(INDEX(NORMATIVOS!$C$194:$Z$194,1,MATCH($B$3,NORMATIVOS!$C$1:$Z$1,0))="En proceso")+--(INDEX(NORMATIVOS!$C$195:$Z$195,1,MATCH($B$3,NORMATIVOS!$C$1:$Z$1,0))="En proceso")+--(INDEX(NORMATIVOS!$C$196:$Z$196,1,MATCH($B$3,NORMATIVOS!$C$1:$Z$1,0))="En proceso")+--(INDEX(NORMATIVOS!$C$197:$Z$197,1,MATCH($B$3,NORMATIVOS!$C$1:$Z$1,0))="En proceso")+--(INDEX(NORMATIVOS!$C$198:$Z$198,1,MATCH($B$3,NORMATIVOS!$C$1:$Z$1,0))="En proceso")+--(INDEX(NORMATIVOS!$C$199:$Z$199,1,MATCH($B$3,NORMATIVOS!$C$1:$Z$1,0))="En proceso")+--(INDEX(NORMATIVOS!$C$200:$Z$200,1,MATCH($B$3,NORMATIVOS!$C$1:$Z$1,0))="En proceso")+--(INDEX(NORMATIVOS!$C$201:$Z$201,1,MATCH($B$3,NORMATIVOS!$C$1:$Z$1,0))="En proceso")+--(INDEX(NORMATIVOS!$C$202:$Z$202,1,MATCH($B$3,NORMATIVOS!$C$1:$Z$1,0))="En proceso")+--(INDEX(NORMATIVOS!$C$203:$Z$203,1,MATCH($B$3,NORMATIVOS!$C$1:$Z$1,0))="En proceso")+--(INDEX(NORMATIVOS!$C$204:$Z$204,1,MATCH($B$3,NORMATIVOS!$C$1:$Z$1,0))="En proceso")+--(INDEX(NORMATIVOS!$C$205:$Z$205,1,MATCH($B$3,NORMATIVOS!$C$1:$Z$1,0))="En proceso")+--(INDEX(NORMATIVOS!$C$206:$Z$206,1,MATCH($B$3,NORMATIVOS!$C$1:$Z$1,0))="En proceso")+--(INDEX(NORMATIVOS!$C$207:$Z$207,1,MATCH($B$3,NORMATIVOS!$C$1:$Z$1,0))="En proceso")+--(INDEX(NORMATIVOS!$C$208:$Z$208,1,MATCH($B$3,NORMATIVOS!$C$1:$Z$1,0))="En proceso")+--(INDEX(NORMATIVOS!$C$209:$Z$209,1,MATCH($B$3,NORMATIVOS!$C$1:$Z$1,0))="En proceso")+--(INDEX(NORMATIVOS!$C$210:$Z$210,1,MATCH($B$3,NORMATIVOS!$C$1:$Z$1,0))="En proceso")+--(INDEX(NORMATIVOS!$C$211:$Z$211,1,MATCH($B$3,NORMATIVOS!$C$1:$Z$1,0))="En proceso")+--(INDEX(NORMATIVOS!$C$212:$Z$212,1,MATCH($B$3,NORMATIVOS!$C$1:$Z$1,0))="En proceso")+--(INDEX(NORMATIVOS!$C$213:$Z$213,1,MATCH($B$3,NORMATIVOS!$C$1:$Z$1,0))="En proceso")+--(INDEX(NORMATIVOS!$C$214:$Z$214,1,MATCH($B$3,NORMATIVOS!$C$1:$Z$1,0))="En proceso")+--(INDEX(NORMATIVOS!$C$215:$Z$215,1,MATCH($B$3,NORMATIVOS!$C$1:$Z$1,0))="En proceso")+--(INDEX(NORMATIVOS!$C$216:$Z$216,1,MATCH($B$3,NORMATIVOS!$C$1:$Z$1,0))="En proceso") -> 2 | G18: =--(INDEX(NORMATIVOS!$C$193:$Z$193,1,MATCH($B$3,NORMATIVOS!$C$1:$Z$1,0))="Proyección")+--(INDEX(NORMATIVOS!$C$194:$Z$194,1,MATCH($B$3,NORMATIVOS!$C$1:$Z$1,0))="Proyección")+--(INDEX(NORMATIVOS!$C$195:$Z$195,1,MATCH($B$3,NORMATIVOS!$C$1:$Z$1,0))="Proyección")+--(INDEX(NORMATIVOS!$C$196:$Z$196,1,MATCH($B$3,NORMATIVOS!$C$1:$Z$1,0))="Proyección")+--(INDEX(NORMATIVOS!$C$197:$Z$197,1,MATCH($B$3,NORMATIVOS!$C$1:$Z$1,0))="Proyección")+--(INDEX(NORMATIVOS!$C$198:$Z$198,1,MATCH($B$3,NORMATIVOS!$C$1:$Z$1,0))="Proyección")+--(INDEX(NORMATIVOS!$C$199:$Z$199,1,MATCH($B$3,NORMATIVOS!$C$1:$Z$1,0))="Proyección")+--(INDEX(NORMATIVOS!$C$200:$Z$200,1,MATCH($B$3,NORMATIVOS!$C$1:$Z$1,0))="Proyección")+--(INDEX(NORMATIVOS!$C$201:$Z$201,1,MATCH($B$3,NORMATIVOS!$C$1:$Z$1,0))="Proyección")+--(INDEX(NORMATIVOS!$C$202:$Z$202,1,MATCH($B$3,NORMATIVOS!$C$1:$Z$1,0))="Proyección")+--(INDEX(NORMATIVOS!$C$203:$Z$203,1,MATCH($B$3,NORMATIVOS!$C$1:$Z$1,0))="Proyección")+--(INDEX(NORMATIVOS!$C$204:$Z$204,1,MATCH($B$3,NORMATIVOS!$C$1:$Z$1,0))="Proyección")+--(INDEX(NORMATIVOS!$C$205:$Z$205,1,MATCH($B$3,NORMATIVOS!$C$1:$Z$1,0))="Proyección")+--(INDEX(NORMATIVOS!$C$206:$Z$206,1,MATCH($B$3,NORMATIVOS!$C$1:$Z$1,0))="Proyección")+--(INDEX(NORMATIVOS!$C$207:$Z$207,1,MATCH($B$3,NORMATIVOS!$C$1:$Z$1,0))="Proyección")+--(INDEX(NORMATIVOS!$C$208:$Z$208,1,MATCH($B$3,NORMATIVOS!$C$1:$Z$1,0))="Proyección")+--(INDEX(NORMATIVOS!$C$209:$Z$209,1,MATCH($B$3,NORMATIVOS!$C$1:$Z$1,0))="Proyección")+--(INDEX(NORMATIVOS!$C$210:$Z$210,1,MATCH($B$3,NORMATIVOS!$C$1:$Z$1,0))="Proyección")+--(INDEX(NORMATIVOS!$C$211:$Z$211,1,MATCH($B$3,NORMATIVOS!$C$1:$Z$1,0))="Proyección")+--(INDEX(NORMATIVOS!$C$212:$Z$212,1,MATCH($B$3,NORMATIVOS!$C$1:$Z$1,0))="Proyección")+--(INDEX(NORMATIVOS!$C$213:$Z$213,1,MATCH($B$3,NORMATIVOS!$C$1:$Z$1,0))="Proyección")+--(INDEX(NORMATIVOS!$C$214:$Z$214,1,MATCH($B$3,NORMATIVOS!$C$1:$Z$1,0))="Proyección")+--(INDEX(NORMATIVOS!$C$215:$Z$215,1,MATCH($B$3,NORMATIVOS!$C$1:$Z$1,0))="Proyección")+--(INDEX(NORMATIVOS!$C$216:$Z$216,1,MATCH($B$3,NORMATIVOS!$C$1:$Z$1,0))="Proyección") -> 11 | H18: =IFERROR(E18/(E18+F18+G18),0) -> 0.45833333
D19: ELEMENTOS EN APOYO BRAQUIAL | E19: =--(INDEX(NORMATIVOS!$C$217:$Z$217,1,MATCH($B$3,NORMATIVOS!$C$1:$Z$1,0))="Consolidado")+--(INDEX(NORMATIVOS!$C$218:$Z$218,1,MATCH($B$3,NORMATIVOS!$C$1:$Z$1,0))="Consolidado")+--(INDEX(NORMATIVOS!$C$219:$Z$219,1,MATCH($B$3,NORMATIVOS!$C$1:$Z$1,0))="Consolidado")+--(INDEX(NORMATIVOS!$C$220:$Z$220,1,MATCH($B$3,NORMATIVOS!$C$1:$Z$1,0))="Consolidado")+--(INDEX(NORMATIVOS!$C$221:$Z$221,1,MATCH($B$3,NORMATIVOS!$C$1:$Z$1,0))="Consolidado")+--(INDEX(NORMATIVOS!$C$222:$Z$222,1,MATCH($B$3,NORMATIVOS!$C$1:$Z$1,0))="Consolidado")+--(INDEX(NORMATIVOS!$C$223:$Z$223,1,MATCH($B$3,NORMATIVOS!$C$1:$Z$1,0))="Consolidado")+--(INDEX(NORMATIVOS!$C$224:$Z$224,1,MATCH($B$3,NORMATIVOS!$C$1:$Z$1,0))="Consolidado")+--(INDEX(NORMATIVOS!$C$225:$Z$225,1,MATCH($B$3,NORMATIVOS!$C$1:$Z$1,0))="Consolidado")+--(INDEX(NORMATIVOS!$C$226:$Z$226,1,MATCH($B$3,NORMATIVOS!$C$1:$Z$1,0))="Consolidado")+--(INDEX(NORMATIVOS!$C$227:$Z$227,1,MATCH($B$3,NORMATIVOS!$C$1:$Z$1,0))="Consolidado")+--(INDEX(NORMATIVOS!$C$228:$Z$228,1,MATCH($B$3,NORMATIVOS!$C$1:$Z$1,0))="Consolidado")+--(INDEX(NORMATIVOS!$C$229:$Z$229,1,MATCH($B$3,NORMATIVOS!$C$1:$Z$1,0))="Consolidado") -> 3 | F19: =--(INDEX(NORMATIVOS!$C$217:$Z$217,1,MATCH($B$3,NORMATIVOS!$C$1:$Z$1,0))="En proceso")+--(INDEX(NORMATIVOS!$C$218:$Z$218,1,MATCH($B$3,NORMATIVOS!$C$1:$Z$1,0))="En proceso")+--(INDEX(NORMATIVOS!$C$219:$Z$219,1,MATCH($B$3,NORMATIVOS!$C$1:$Z$1,0))="En proceso")+--(INDEX(NORMATIVOS!$C$220:$Z$220,1,MATCH($B$3,NORMATIVOS!$C$1:$Z$1,0))="En proceso")+--(INDEX(NORMATIVOS!$C$221:$Z$221,1,MATCH($B$3,NORMATIVOS!$C$1:$Z$1,0))="En proceso")+--(INDEX(NORMATIVOS!$C$222:$Z$222,1,MATCH($B$3,NORMATIVOS!$C$1:$Z$1,0))="En proceso")+--(INDEX(NORMATIVOS!$C$223:$Z$223,1,MATCH($B$3,NORMATIVOS!$C$1:$Z$1,0))="En proceso")+--(INDEX(NORMATIVOS!$C$224:$Z$224,1,MATCH($B$3,NORMATIVOS!$C$1:$Z$1,0))="En proceso")+--(INDEX(NORMATIVOS!$C$225:$Z$225,1,MATCH($B$3,NORMATIVOS!$C$1:$Z$1,0))="En proceso")+--(INDEX(NORMATIVOS!$C$226:$Z$226,1,MATCH($B$3,NORMATIVOS!$C$1:$Z$1,0))="En proceso")+--(INDEX(NORMATIVOS!$C$227:$Z$227,1,MATCH($B$3,NORMATIVOS!$C$1:$Z$1,0))="En proceso")+--(INDEX(NORMATIVOS!$C$228:$Z$228,1,MATCH($B$3,NORMATIVOS!$C$1:$Z$1,0))="En proceso")+--(INDEX(NORMATIVOS!$C$229:$Z$229,1,MATCH($B$3,NORMATIVOS!$C$1:$Z$1,0))="En proceso") -> 2 | G19: =--(INDEX(NORMATIVOS!$C$217:$Z$217,1,MATCH($B$3,NORMATIVOS!$C$1:$Z$1,0))="Proyección")+--(INDEX(NORMATIVOS!$C$218:$Z$218,1,MATCH($B$3,NORMATIVOS!$C$1:$Z$1,0))="Proyección")+--(INDEX(NORMATIVOS!$C$219:$Z$219,1,MATCH($B$3,NORMATIVOS!$C$1:$Z$1,0))="Proyección")+--(INDEX(NORMATIVOS!$C$220:$Z$220,1,MATCH($B$3,NORMATIVOS!$C$1:$Z$1,0))="Proyección")+--(INDEX(NORMATIVOS!$C$221:$Z$221,1,MATCH($B$3,NORMATIVOS!$C$1:$Z$1,0))="Proyección")+--(INDEX(NORMATIVOS!$C$222:$Z$222,1,MATCH($B$3,NORMATIVOS!$C$1:$Z$1,0))="Proyección")+--(INDEX(NORMATIVOS!$C$223:$Z$223,1,MATCH($B$3,NORMATIVOS!$C$1:$Z$1,0))="Proyección")+--(INDEX(NORMATIVOS!$C$224:$Z$224,1,MATCH($B$3,NORMATIVOS!$C$1:$Z$1,0))="Proyección")+--(INDEX(NORMATIVOS!$C$225:$Z$225,1,MATCH($B$3,NORMATIVOS!$C$1:$Z$1,0))="Proyección")+--(INDEX(NORMATIVOS!$C$226:$Z$226,1,MATCH($B$3,NORMATIVOS!$C$1:$Z$1,0))="Proyección")+--(INDEX(NORMATIVOS!$C$227:$Z$227,1,MATCH($B$3,NORMATIVOS!$C$1:$Z$1,0))="Proyección")+--(INDEX(NORMATIVOS!$C$228:$Z$228,1,MATCH($B$3,NORMATIVOS!$C$1:$Z$1,0))="Proyección")+--(INDEX(NORMATIVOS!$C$229:$Z$229,1,MATCH($B$3,NORMATIVOS!$C$1:$Z$1,0))="Proyección") -> 8 | H19: =IFERROR(E19/(E19+F19+G19),0) -> 0.23076923
D20: ELEMENTOS DE VUELO Y SOLTADAS | E20: =--(INDEX(NORMATIVOS!$C$232:$Z$232,1,MATCH($B$3,NORMATIVOS!$C$1:$Z$1,0))="Consolidado")+--(INDEX(NORMATIVOS!$C$233:$Z$233,1,MATCH($B$3,NORMATIVOS!$C$1:$Z$1,0))="Consolidado")+--(INDEX(NORMATIVOS!$C$234:$Z$234,1,MATCH($B$3,NORMATIVOS!$C$1:$Z$1,0))="Consolidado")+--(INDEX(NORMATIVOS!$C$235:$Z$235,1,MATCH($B$3,NORMATIVOS!$C$1:$Z$1,0))="Consolidado")+--(INDEX(NORMATIVOS!$C$236:$Z$236,1,MATCH($B$3,NORMATIVOS!$C$1:$Z$1,0))="Consolidado")+--(INDEX(NORMATIVOS!$C$237:$Z$237,1,MATCH($B$3,NORMATIVOS!$C$1:$Z$1,0))="Consolidado")+--(INDEX(NORMATIVOS!$C$238:$Z$238,1,MATCH($B$3,NORMATIVOS!$C$1:$Z$1,0))="Consolidado")+--(INDEX(NORMATIVOS!$C$239:$Z$239,1,MATCH($B$3,NORMATIVOS!$C$1:$Z$1,0))="Consolidado")+--(INDEX(NORMATIVOS!$C$240:$Z$240,1,MATCH($B$3,NORMATIVOS!$C$1:$Z$1,0))="Consolidado")+--(INDEX(NORMATIVOS!$C$241:$Z$241,1,MATCH($B$3,NORMATIVOS!$C$1:$Z$1,0))="Consolidado")+--(INDEX(NORMATIVOS!$C$242:$Z$242,1,MATCH($B$3,NORMATIVOS!$C$1:$Z$1,0))="Consolidado")+--(INDEX(NORMATIVOS!$C$243:$Z$243,1,MATCH($B$3,NORMATIVOS!$C$1:$Z$1,0))="Consolidado")+--(INDEX(NORMATIVOS!$C$244:$Z$244,1,MATCH($B$3,NORMATIVOS!$C$1:$Z$1,0))="Consolidado")+--(INDEX(NORMATIVOS!$C$245:$Z$245,1,MATCH($B$3,NORMATIVOS!$C$1:$Z$1,0))="Consolidado")+--(INDEX(NORMATIVOS!$C$246:$Z$246,1,MATCH($B$3,NORMATIVOS!$C$1:$Z$1,0))="Consolidado")+--(INDEX(NORMATIVOS!$C$247:$Z$247,1,MATCH($B$3,NORMATIVOS!$C$1:$Z$1,0))="Consolidado")+--(INDEX(NORMATIVOS!$C$248:$Z$248,1,MATCH($B$3,NORMATIVOS!$C$1:$Z$1,0))="Consolidado")+--(INDEX(NORMATIVOS!$C$249:$Z$249,1,MATCH($B$3,NORMATIVOS!$C$1:$Z$1,0))="Consolidado")+--(INDEX(NORMATIVOS!$C$250:$Z$250,1,MATCH($B$3,NORMATIVOS!$C$1:$Z$1,0))="Consolidado")+--(INDEX(NORMATIVOS!$C$251:$Z$251,1,MATCH($B$3,NORMATIVOS!$C$1:$Z$1,0))="Consolidado")+--(INDEX(NORMATIVOS!$C$252:$Z$252,1,MATCH($B$3,NORMATIVOS!$C$1:$Z$1,0))="Consolidado")+--(INDEX(NORMATIVOS!$C$253:$Z$253,1,MATCH($B$3,NORMATIVOS!$C$1:$Z$1,0))="Consolidado")+--(INDEX(NORMATIVOS!$C$254:$Z$254,1,MATCH($B$3,NORMATIVOS!$C$1:$Z$1,0))="Consolidado")+--(INDEX(NORMATIVOS!$C$255:$Z$255,1,MATCH($B$3,NORMATIVOS!$C$1:$Z$1,0))="Consolidado")+--(INDEX(NORMATIVOS!$C$256:$Z$256,1,MATCH($B$3,NORMATIVOS!$C$1:$Z$1,0))="Consolidado")+--(INDEX(NORMATIVOS!$C$257:$Z$257,1,MATCH($B$3,NORMATIVOS!$C$1:$Z$1,0))="Consolidado")+--(INDEX(NORMATIVOS!$C$258:$Z$258,1,MATCH($B$3,NORMATIVOS!$C$1:$Z$1,0))="Consolidado")+--(INDEX(NORMATIVOS!$C$259:$Z$259,1,MATCH($B$3,NORMATIVOS!$C$1:$Z$1,0))="Consolidado") -> 15 | F20: =--(INDEX(NORMATIVOS!$C$232:$Z$232,1,MATCH($B$3,NORMATIVOS!$C$1:$Z$1,0))="En proceso")+--(INDEX(NORMATIVOS!$C$233:$Z$233,1,MATCH($B$3,NORMATIVOS!$C$1:$Z$1,0))="En proceso")+--(INDEX(NORMATIVOS!$C$234:$Z$234,1,MATCH($B$3,NORMATIVOS!$C$1:$Z$1,0))="En proceso")+--(INDEX(NORMATIVOS!$C$235:$Z$235,1,MATCH($B$3,NORMATIVOS!$C$1:$Z$1,0))="En proceso")+--(INDEX(NORMATIVOS!$C$236:$Z$236,1,MATCH($B$3,NORMATIVOS!$C$1:$Z$1,0))="En proceso")+--(INDEX(NORMATIVOS!$C$237:$Z$237,1,MATCH($B$3,NORMATIVOS!$C$1:$Z$1,0))="En proceso")+--(INDEX(NORMATIVOS!$C$238:$Z$238,1,MATCH($B$3,NORMATIVOS!$C$1:$Z$1,0))="En proceso")+--(INDEX(NORMATIVOS!$C$239:$Z$239,1,MATCH($B$3,NORMATIVOS!$C$1:$Z$1,0))="En proceso")+--(INDEX(NORMATIVOS!$C$240:$Z$240,1,MATCH($B$3,NORMATIVOS!$C$1:$Z$1,0))="En proceso")+--(INDEX(NORMATIVOS!$C$241:$Z$241,1,MATCH($B$3,NORMATIVOS!$C$1:$Z$1,0))="En proceso")+--(INDEX(NORMATIVOS!$C$242:$Z$242,1,MATCH($B$3,NORMATIVOS!$C$1:$Z$1,0))="En proceso")+--(INDEX(NORMATIVOS!$C$243:$Z$243,1,MATCH($B$3,NORMATIVOS!$C$1:$Z$1,0))="En proceso")+--(INDEX(NORMATIVOS!$C$244:$Z$244,1,MATCH($B$3,NORMATIVOS!$C$1:$Z$1,0))="En proceso")+--(INDEX(NORMATIVOS!$C$245:$Z$245,1,MATCH($B$3,NORMATIVOS!$C$1:$Z$1,0))="En proceso")+--(INDEX(NORMATIVOS!$C$246:$Z$246,1,MATCH($B$3,NORMATIVOS!$C$1:$Z$1,0))="En proceso")+--(INDEX(NORMATIVOS!$C$247:$Z$247,1,MATCH($B$3,NORMATIVOS!$C$1:$Z$1,0))="En proceso")+--(INDEX(NORMATIVOS!$C$248:$Z$248,1,MATCH($B$3,NORMATIVOS!$C$1:$Z$1,0))="En proceso")+--(INDEX(NORMATIVOS!$C$249:$Z$249,1,MATCH($B$3,NORMATIVOS!$C$1:$Z$1,0))="En proceso")+--(INDEX(NORMATIVOS!$C$250:$Z$250,1,MATCH($B$3,NORMATIVOS!$C$1:$Z$1,0))="En proceso")+--(INDEX(NORMATIVOS!$C$251:$Z$251,1,MATCH($B$3,NORMATIVOS!$C$1:$Z$1,0))="En proceso")+--(INDEX(NORMATIVOS!$C$252:$Z$252,1,MATCH($B$3,NORMATIVOS!$C$1:$Z$1,0))="En proceso")+--(INDEX(NORMATIVOS!$C$253:$Z$253,1,MATCH($B$3,NORMATIVOS!$C$1:$Z$1,0))="En proceso")+--(INDEX(NORMATIVOS!$C$254:$Z$254,1,MATCH($B$3,NORMATIVOS!$C$1:$Z$1,0))="En proceso")+--(INDEX(NORMATIVOS!$C$255:$Z$255,1,MATCH($B$3,NORMATIVOS!$C$1:$Z$1,0))="En proceso")+--(INDEX(NORMATIVOS!$C$256:$Z$256,1,MATCH($B$3,NORMATIVOS!$C$1:$Z$1,0))="En proceso")+--(INDEX(NORMATIVOS!$C$257:$Z$257,1,MATCH($B$3,NORMATIVOS!$C$1:$Z$1,0))="En proceso")+--(INDEX(NORMATIVOS!$C$258:$Z$258,1,MATCH($B$3,NORMATIVOS!$C$1:$Z$1,0))="En proceso")+--(INDEX(NORMATIVOS!$C$259:$Z$259,1,MATCH($B$3,NORMATIVOS!$C$1:$Z$1,0))="En proceso") -> 0 | G20: =--(INDEX(NORMATIVOS!$C$232:$Z$232,1,MATCH($B$3,NORMATIVOS!$C$1:$Z$1,0))="Proyección")+--(INDEX(NORMATIVOS!$C$233:$Z$233,1,MATCH($B$3,NORMATIVOS!$C$1:$Z$1,0))="Proyección")+--(INDEX(NORMATIVOS!$C$234:$Z$234,1,MATCH($B$3,NORMATIVOS!$C$1:$Z$1,0))="Proyección")+--(INDEX(NORMATIVOS!$C$235:$Z$235,1,MATCH($B$3,NORMATIVOS!$C$1:$Z$1,0))="Proyección")+--(INDEX(NORMATIVOS!$C$236:$Z$236,1,MATCH($B$3,NORMATIVOS!$C$1:$Z$1,0))="Proyección")+--(INDEX(NORMATIVOS!$C$237:$Z$237,1,MATCH($B$3,NORMATIVOS!$C$1:$Z$1,0))="Proyección")+--(INDEX(NORMATIVOS!$C$238:$Z$238,1,MATCH($B$3,NORMATIVOS!$C$1:$Z$1,0))="Proyección")+--(INDEX(NORMATIVOS!$C$239:$Z$239,1,MATCH($B$3,NORMATIVOS!$C$1:$Z$1,0))="Proyección")+--(INDEX(NORMATIVOS!$C$240:$Z$240,1,MATCH($B$3,NORMATIVOS!$C$1:$Z$1,0))="Proyección")+--(INDEX(NORMATIVOS!$C$241:$Z$241,1,MATCH($B$3,NORMATIVOS!$C$1:$Z$1,0))="Proyección")+--(INDEX(NORMATIVOS!$C$242:$Z$242,1,MATCH($B$3,NORMATIVOS!$C$1:$Z$1,0))="Proyección")+--(INDEX(NORMATIVOS!$C$243:$Z$243,1,MATCH($B$3,NORMATIVOS!$C$1:$Z$1,0))="Proyección")+--(INDEX(NORMATIVOS!$C$244:$Z$244,1,MATCH($B$3,NORMATIVOS!$C$1:$Z$1,0))="Proyección")+--(INDEX(NORMATIVOS!$C$245:$Z$245,1,MATCH($B$3,NORMATIVOS!$C$1:$Z$1,0))="Proyección")+--(INDEX(NORMATIVOS!$C$246:$Z$246,1,MATCH($B$3,NORMATIVOS!$C$1:$Z$1,0))="Proyección")+--(INDEX(NORMATIVOS!$C$247:$Z$247,1,MATCH($B$3,NORMATIVOS!$C$1:$Z$1,0))="Proyección")+--(INDEX(NORMATIVOS!$C$248:$Z$248,1,MATCH($B$3,NORMATIVOS!$C$1:$Z$1,0))="Proyección")+--(INDEX(NORMATIVOS!$C$249:$Z$249,1,MATCH($B$3,NORMATIVOS!$C$1:$Z$1,0))="Proyección")+--(INDEX(NORMATIVOS!$C$250:$Z$250,1,MATCH($B$3,NORMATIVOS!$C$1:$Z$1,0))="Proyección")+--(INDEX(NORMATIVOS!$C$251:$Z$251,1,MATCH($B$3,NORMATIVOS!$C$1:$Z$1,0))="Proyección")+--(INDEX(NORMATIVOS!$C$252:$Z$252,1,MATCH($B$3,NORMATIVOS!$C$1:$Z$1,0))="Proyección")+--(INDEX(NORMATIVOS!$C$253:$Z$253,1,MATCH($B$3,NORMATIVOS!$C$1:$Z$1,0))="Proyección")+--(INDEX(NORMATIVOS!$C$254:$Z$254,1,MATCH($B$3,NORMATIVOS!$C$1:$Z$1,0))="Proyección")+--(INDEX(NORMATIVOS!$C$255:$Z$255,1,MATCH($B$3,NORMATIVOS!$C$1:$Z$1,0))="Proyección")+--(INDEX(NORMATIVOS!$C$256:$Z$256,1,MATCH($B$3,NORMATIVOS!$C$1:$Z$1,0))="Proyección")+--(INDEX(NORMATIVOS!$C$257:$Z$257,1,MATCH($B$3,NORMATIVOS!$C$1:$Z$1,0))="Proyección")+--(INDEX(NORMATIVOS!$C$258:$Z$258,1,MATCH($B$3,NORMATIVOS!$C$1:$Z$1,0))="Proyección")+--(INDEX(NORMATIVOS!$C$259:$Z$259,1,MATCH($B$3,NORMATIVOS!$C$1:$Z$1,0))="Proyección") -> 13 | H20: =IFERROR(E20/(E20+F20+G20),0) -> 0.53571429
D21: ACERCAMIENTO A LA BARRA | E21: =--(INDEX(NORMATIVOS!$C$260:$Z$260,1,MATCH($B$3,NORMATIVOS!$C$1:$Z$1,0))="Consolidado")+--(INDEX(NORMATIVOS!$C$261:$Z$261,1,MATCH($B$3,NORMATIVOS!$C$1:$Z$1,0))="Consolidado")+--(INDEX(NORMATIVOS!$C$262:$Z$262,1,MATCH($B$3,NORMATIVOS!$C$1:$Z$1,0))="Consolidado")+--(INDEX(NORMATIVOS!$C$263:$Z$263,1,MATCH($B$3,NORMATIVOS!$C$1:$Z$1,0))="Consolidado")+--(INDEX(NORMATIVOS!$C$264:$Z$264,1,MATCH($B$3,NORMATIVOS!$C$1:$Z$1,0))="Consolidado")+--(INDEX(NORMATIVOS!$C$265:$Z$265,1,MATCH($B$3,NORMATIVOS!$C$1:$Z$1,0))="Consolidado")+--(INDEX(NORMATIVOS!$C$266:$Z$266,1,MATCH($B$3,NORMATIVOS!$C$1:$Z$1,0))="Consolidado")+--(INDEX(NORMATIVOS!$C$267:$Z$267,1,MATCH($B$3,NORMATIVOS!$C$1:$Z$1,0))="Consolidado")+--(INDEX(NORMATIVOS!$C$268:$Z$268,1,MATCH($B$3,NORMATIVOS!$C$1:$Z$1,0))="Consolidado")+--(INDEX(NORMATIVOS!$C$269:$Z$269,1,MATCH($B$3,NORMATIVOS!$C$1:$Z$1,0))="Consolidado")+--(INDEX(NORMATIVOS!$C$270:$Z$270,1,MATCH($B$3,NORMATIVOS!$C$1:$Z$1,0))="Consolidado")+--(INDEX(NORMATIVOS!$C$271:$Z$271,1,MATCH($B$3,NORMATIVOS!$C$1:$Z$1,0))="Consolidado")+--(INDEX(NORMATIVOS!$C$272:$Z$272,1,MATCH($B$3,NORMATIVOS!$C$1:$Z$1,0))="Consolidado")+--(INDEX(NORMATIVOS!$C$273:$Z$273,1,MATCH($B$3,NORMATIVOS!$C$1:$Z$1,0))="Consolidado")+--(INDEX(NORMATIVOS!$C$274:$Z$274,1,MATCH($B$3,NORMATIVOS!$C$1:$Z$1,0))="Consolidado")+--(INDEX(NORMATIVOS!$C$275:$Z$275,1,MATCH($B$3,NORMATIVOS!$C$1:$Z$1,0))="Consolidado")+--(INDEX(NORMATIVOS!$C$276:$Z$276,1,MATCH($B$3,NORMATIVOS!$C$1:$Z$1,0))="Consolidado") -> 5 | F21: =--(INDEX(NORMATIVOS!$C$260:$Z$260,1,MATCH($B$3,NORMATIVOS!$C$1:$Z$1,0))="En proceso")+--(INDEX(NORMATIVOS!$C$261:$Z$261,1,MATCH($B$3,NORMATIVOS!$C$1:$Z$1,0))="En proceso")+--(INDEX(NORMATIVOS!$C$262:$Z$262,1,MATCH($B$3,NORMATIVOS!$C$1:$Z$1,0))="En proceso")+--(INDEX(NORMATIVOS!$C$263:$Z$263,1,MATCH($B$3,NORMATIVOS!$C$1:$Z$1,0))="En proceso")+--(INDEX(NORMATIVOS!$C$264:$Z$264,1,MATCH($B$3,NORMATIVOS!$C$1:$Z$1,0))="En proceso")+--(INDEX(NORMATIVOS!$C$265:$Z$265,1,MATCH($B$3,NORMATIVOS!$C$1:$Z$1,0))="En proceso")+--(INDEX(NORMATIVOS!$C$266:$Z$266,1,MATCH($B$3,NORMATIVOS!$C$1:$Z$1,0))="En proceso")+--(INDEX(NORMATIVOS!$C$267:$Z$267,1,MATCH($B$3,NORMATIVOS!$C$1:$Z$1,0))="En proceso")+--(INDEX(NORMATIVOS!$C$268:$Z$268,1,MATCH($B$3,NORMATIVOS!$C$1:$Z$1,0))="En proceso")+--(INDEX(NORMATIVOS!$C$269:$Z$269,1,MATCH($B$3,NORMATIVOS!$C$1:$Z$1,0))="En proceso")+--(INDEX(NORMATIVOS!$C$270:$Z$270,1,MATCH($B$3,NORMATIVOS!$C$1:$Z$1,0))="En proceso")+--(INDEX(NORMATIVOS!$C$271:$Z$271,1,MATCH($B$3,NORMATIVOS!$C$1:$Z$1,0))="En proceso")+--(INDEX(NORMATIVOS!$C$272:$Z$272,1,MATCH($B$3,NORMATIVOS!$C$1:$Z$1,0))="En proceso")+--(INDEX(NORMATIVOS!$C$273:$Z$273,1,MATCH($B$3,NORMATIVOS!$C$1:$Z$1,0))="En proceso")+--(INDEX(NORMATIVOS!$C$274:$Z$274,1,MATCH($B$3,NORMATIVOS!$C$1:$Z$1,0))="En proceso")+--(INDEX(NORMATIVOS!$C$275:$Z$275,1,MATCH($B$3,NORMATIVOS!$C$1:$Z$1,0))="En proceso")+--(INDEX(NORMATIVOS!$C$276:$Z$276,1,MATCH($B$3,NORMATIVOS!$C$1:$Z$1,0))="En proceso") -> 6 | G21: =--(INDEX(NORMATIVOS!$C$260:$Z$260,1,MATCH($B$3,NORMATIVOS!$C$1:$Z$1,0))="Proyección")+--(INDEX(NORMATIVOS!$C$261:$Z$261,1,MATCH($B$3,NORMATIVOS!$C$1:$Z$1,0))="Proyección")+--(INDEX(NORMATIVOS!$C$262:$Z$262,1,MATCH($B$3,NORMATIVOS!$C$1:$Z$1,0))="Proyección")+--(INDEX(NORMATIVOS!$C$263:$Z$263,1,MATCH($B$3,NORMATIVOS!$C$1:$Z$1,0))="Proyección")+--(INDEX(NORMATIVOS!$C$264:$Z$264,1,MATCH($B$3,NORMATIVOS!$C$1:$Z$1,0))="Proyección")+--(INDEX(NORMATIVOS!$C$265:$Z$265,1,MATCH($B$3,NORMATIVOS!$C$1:$Z$1,0))="Proyección")+--(INDEX(NORMATIVOS!$C$266:$Z$266,1,MATCH($B$3,NORMATIVOS!$C$1:$Z$1,0))="Proyección")+--(INDEX(NORMATIVOS!$C$267:$Z$267,1,MATCH($B$3,NORMATIVOS!$C$1:$Z$1,0))="Proyección")+--(INDEX(NORMATIVOS!$C$268:$Z$268,1,MATCH($B$3,NORMATIVOS!$C$1:$Z$1,0))="Proyección")+--(INDEX(NORMATIVOS!$C$269:$Z$269,1,MATCH($B$3,NORMATIVOS!$C$1:$Z$1,0))="Proyección")+--(INDEX(NORMATIVOS!$C$270:$Z$270,1,MATCH($B$3,NORMATIVOS!$C$1:$Z$1,0))="Proyección")+--(INDEX(NORMATIVOS!$C$271:$Z$271,1,MATCH($B$3,NORMATIVOS!$C$1:$Z$1,0))="Proyección")+--(INDEX(NORMATIVOS!$C$272:$Z$272,1,MATCH($B$3,NORMATIVOS!$C$1:$Z$1,0))="Proyección")+--(INDEX(NORMATIVOS!$C$273:$Z$273,1,MATCH($B$3,NORMATIVOS!$C$1:$Z$1,0))="Proyección")+--(INDEX(NORMATIVOS!$C$274:$Z$274,1,MATCH($B$3,NORMATIVOS!$C$1:$Z$1,0))="Proyección")+--(INDEX(NORMATIVOS!$C$275:$Z$275,1,MATCH($B$3,NORMATIVOS!$C$1:$Z$1,0))="Proyección")+--(INDEX(NORMATIVOS!$C$276:$Z$276,1,MATCH($B$3,NORMATIVOS!$C$1:$Z$1,0))="Proyección") -> 6 | H21: =IFERROR(E21/(E21+F21+G21),0) -> 0.29411765
A25: DETALLE DE ELEMENTOS
A26: Aparato | B26: Elemento | C26: Estado
A27: POSICIONES BÁSICAS Y FUERZA | B27: Postura de pie firme | C27: =INDEX(NORMATIVOS!$C$3:$Z$3,1,MATCH($B$3,NORMATIVOS!$C$1:$Z$1,0)) -> En proceso
A28: POSICIONES BÁSICAS Y FUERZA | B28: Parado de hombros | C28: =INDEX(NORMATIVOS!$C$4:$Z$4,1,MATCH($B$3,NORMATIVOS!$C$1:$Z$1,0)) -> Consolidado
A29: POSICIONES BÁSICAS Y FUERZA | B29: Parado de antebrazos | C29: =INDEX(NORMATIVOS!$C$5:$Z$5,1,MATCH($B$3,NORMATIVOS!$C$1:$Z$1,0)) -> Consolidado
A30: POSICIONES BÁSICAS Y FUERZA | B30: Parado de cabeza | C30: =INDEX(NORMATIVOS!$C$6:$Z$6,1,MATCH($B$3,NORMATIVOS!$C$1:$Z$1,0)) -> Consolidado
A31: POSICIONES BÁSICAS Y FUERZA | B31: Parado de manos en apoyo | C31: =INDEX(NORMATIVOS!$C$7:$Z$7,1,MATCH($B$3,NORMATIVOS!$C$1:$Z$1,0)) -> Consolidado
A32: POSICIONES BÁSICAS Y FUERZA | B32: Parado de Manos | C32: =INDEX(NORMATIVOS!$C$8:$Z$8,1,MATCH($B$3,NORMATIVOS!$C$1:$Z$1,0)) -> En proceso
A33: POSICIONES BÁSICAS Y FUERZA | B33: Split | C33: =INDEX(NORMATIVOS!$C$9:$Z$9,1,MATCH($B$3,NORMATIVOS!$C$1:$Z$1,0)) -> En proceso
A34: POSICIONES BÁSICAS Y FUERZA | B34: Squat | C34: =INDEX(NORMATIVOS!$C$10:$Z$10,1,MATCH($B$3,NORMATIVOS!$C$1:$Z$1,0)) -> En proceso
A35: POSICIONES BÁSICAS Y FUERZA | B35: Equilibrio a un pie (arabesca) | C35: =INDEX(NORMATIVOS!$C$11:$Z$11,1,MATCH($B$3,NORMATIVOS!$C$1:$Z$1,0)) -> Consolidado
A36: POSICIONES BÁSICAS Y FUERZA | B36: L sit | C36: =INDEX(NORMATIVOS!$C$12:$Z$12,1,MATCH($B$3,NORMATIVOS!$C$1:$Z$1,0)) -> Consolidado
A37: POSICIONES BÁSICAS Y FUERZA | B37: Sustentación en Arco | C37: =INDEX(NORMATIVOS!$C$13:$Z$13,1,MATCH($B$3,NORMATIVOS!$C$1:$Z$1,0)) -> Consolidado
A38: POSICIONES BÁSICAS Y FUERZA | B38: Soporte en escuadra endo | C38: =INDEX(NORMATIVOS!$C$14:$Z$14,1,MATCH($B$3,NORMATIVOS!$C$1:$Z$1,0)) -> Consolidado
A39: POSICIONES BÁSICAS Y FUERZA | B39: Kato de fuerza | C39: =INDEX(NORMATIVOS!$C$15:$Z$15,1,MATCH($B$3,NORMATIVOS!$C$1:$Z$1,0)) -> En proceso
A40: POSICIONES BÁSICAS Y FUERZA | B40: Rodada Kato | C40: =INDEX(NORMATIVOS!$C$16:$Z$16,1,MATCH($B$3,NORMATIVOS!$C$1:$Z$1,0)) -> Consolidado
A41: ACROBATICO HACÍA DELANTE | B41: Rodada adelanté | C41: =INDEX(NORMATIVOS!$C$17:$Z$17,1,MATCH($B$3,NORMATIVOS!$C$1:$Z$1,0)) -> Consolidado
A42: ACROBATICO HACÍA DELANTE | B42: Vuelta de carro | C42: =INDEX(NORMATIVOS!$C$18:$Z$18,1,MATCH($B$3,NORMATIVOS!$C$1:$Z$1,0)) -> Consolidado
A43: ACROBATICO HACÍA DELANTE | B43: Redondilla | C43: =INDEX(NORMATIVOS!$C$19:$Z$19,1,MATCH($B$3,NORMATIVOS!$C$1:$Z$1,0)) -> Consolidado
A44: ACROBATICO HACÍA DELANTE | B44: Resorte a 2 pies | C44: =INDEX(NORMATIVOS!$C$20:$Z$20,1,MATCH($B$3,NORMATIVOS!$C$1:$Z$1,0)) -> Consolidado
A45: ACROBATICO HACÍA DELANTE | B45: Resorte a 1 pie | C45: =INDEX(NORMATIVOS!$C$21:$Z$21,1,MATCH($B$3,NORMATIVOS!$C$1:$Z$1,0)) -> Consolidado
A46: ACROBATICO HACÍA DELANTE | B46: Mortal adelante en C | C46: =INDEX(NORMATIVOS!$C$22:$Z$22,1,MATCH($B$3,NORMATIVOS!$C$1:$Z$1,0)) -> Consolidado
A47: ACROBATICO HACÍA DELANTE | B47: Resorte 1 a 2 | C47: =INDEX(NORMATIVOS!$C$23:$Z$23,1,MATCH($B$3,NORMATIVOS!$C$1:$Z$1,0)) -> Consolidado
A48: ACROBATICO HACÍA DELANTE | B48: Mortal adelante en V | C48: =INDEX(NORMATIVOS!$C$24:$Z$24,1,MATCH($B$3,NORMATIVOS!$C$1:$Z$1,0)) -> En proceso
A49: ACROBATICO HACÍA DELANTE | B49: Mortal extendido | C49: =INDEX(NORMATIVOS!$C$25:$Z$25,1,MATCH($B$3,NORMATIVOS!$C$1:$Z$1,0)) -> En proceso
A50: ACROBATICO HACÍA DELANTE | B50: Mortal rebote mortal | C50: =INDEX(NORMATIVOS!$C$26:$Z$26,1,MATCH($B$3,NORMATIVOS!$C$1:$Z$1,0)) -> Consolidado
A51: ACROBATICO HACÍA DELANTE | B51: Doble mortal en C adelanté | C51: =INDEX(NORMATIVOS!$C$27:$Z$27,1,MATCH($B$3,NORMATIVOS!$C$1:$Z$1,0)) -> Proyección
A52: ACROBATICO HACÍA ATRÁS | B52: Rodada atras | C52: =INDEX(NORMATIVOS!$C$28:$Z$28,1,MATCH($B$3,NORMATIVOS!$C$1:$Z$1,0)) -> Consolidado
A53: ACROBATICO HACÍA ATRÁS | B53: Rodada atrás a parado de manos | C53: =INDEX(NORMATIVOS!$C$29:$Z$29,1,MATCH($B$3,NORMATIVOS!$C$1:$Z$1,0)) -> Consolidado
A54: ACROBATICO HACÍA ATRÁS | B54: Flic flac | C54: =INDEX(NORMATIVOS!$C$30:$Z$30,1,MATCH($B$3,NORMATIVOS!$C$1:$Z$1,0)) -> Consolidado
A55: ACROBATICO HACÍA ATRÁS | B55: Doble flic | C55: =INDEX(NORMATIVOS!$C$31:$Z$31,1,MATCH($B$3,NORMATIVOS!$C$1:$Z$1,0)) -> Consolidado
A56: ACROBATICO HACÍA ATRÁS | B56: Mortal atras en C desde Redondilla | C56: =INDEX(NORMATIVOS!$C$32:$Z$32,1,MATCH($B$3,NORMATIVOS!$C$1:$Z$1,0)) -> Consolidado
A57: ACROBATICO HACÍA ATRÁS | B57: Mortal atras en C desde Flic flac | C57: =INDEX(NORMATIVOS!$C$33:$Z$33,1,MATCH($B$3,NORMATIVOS!$C$1:$Z$1,0)) -> En proceso
A58: ACROBATICO HACÍA ATRÁS | B58: Mortal en V atras | C58: =INDEX(NORMATIVOS!$C$34:$Z$34,1,MATCH($B$3,NORMATIVOS!$C$1:$Z$1,0)) -> En proceso
A59: ACROBATICO HACÍA ATRÁS | B59: Mortal extendido atras | C59: =INDEX(NORMATIVOS!$C$35:$Z$35,1,MATCH($B$3,NORMATIVOS!$C$1:$Z$1,0)) -> En proceso
A60: ACROBATICO HACÍA ATRÁS | B60: Power flic (Tempo) | C60: =INDEX(NORMATIVOS!$C$36:$Z$36,1,MATCH($B$3,NORMATIVOS!$C$1:$Z$1,0)) -> En proceso
A61: ACROBATICO HACÍA ATRÁS | B61: Doble mortal atrás en C | C61: =INDEX(NORMATIVOS!$C$37:$Z$37,1,MATCH($B$3,NORMATIVOS!$C$1:$Z$1,0)) -> Proyección
A62: ACROBATICO CON GIRO | B62: Mortal extendido atras con 1/2 giro | C62: =INDEX(NORMATIVOS!$C$38:$Z$38,1,MATCH($B$3,NORMATIVOS!$C$1:$Z$1,0)) -> En proceso
A63: ACROBATICO CON GIRO | B63: Mortal extendido atras con un giro | C63: =INDEX(NORMATIVOS!$C$39:$Z$39,1,MATCH($B$3,NORMATIVOS!$C$1:$Z$1,0)) -> En proceso
A64: ACROBATICO CON GIRO | B64: Mortal agrupado adelanté con 1/2 giro | C64: =INDEX(NORMATIVOS!$C$40:$Z$40,1,MATCH($B$3,NORMATIVOS!$C$1:$Z$1,0)) -> En proceso
A65: ACROBATICO CON GIRO | B65: Mortal agrupado adelanté con 1 giro | C65: =INDEX(NORMATIVOS!$C$41:$Z$41,1,MATCH($B$3,NORMATIVOS!$C$1:$Z$1,0)) -> En proceso
A66: ACROBATICO CON GIRO | B66: Varani | C66: =INDEX(NORMATIVOS!$C$42:$Z$42,1,MATCH($B$3,NORMATIVOS!$C$1:$Z$1,0)) -> N/A
A67: ACROBATICO CON GIRO | B67: Mortal extendido adelanté con 1 giro | C67: =INDEX(NORMATIVOS!$C$43:$Z$43,1,MATCH($B$3,NORMATIVOS!$C$1:$Z$1,0)) -> En proceso
A68: ACROBATICO CON GIRO | B68: Mortal extendido atras con 1 1/2 giro | C68: =INDEX(NORMATIVOS!$C$44:$Z$44,1,MATCH($B$3,NORMATIVOS!$C$1:$Z$1,0)) -> En proceso
A69: ACROBATICO CON GIRO | B69: Mortal extendido atrás con 2 giros | C69: =INDEX(NORMATIVOS!$C$45:$Z$45,1,MATCH($B$3,NORMATIVOS!$C$1:$Z$1,0)) -> N/A
A70: ACROBATICO CON GIRO | B70: Mortal extendido adelante con 1 1/2 giro | C70: =INDEX(NORMATIVOS!$C$46:$Z$46,1,MATCH($B$3,NORMATIVOS!$C$1:$Z$1,0)) -> En proceso
A71: HONGO | B71: Posturas básicas de apoyo e impulso | C71: =INDEX(NORMATIVOS!$C$49:$Z$49,1,MATCH($B$3,NORMATIVOS!$C$1:$Z$1,0)) -> Consolidado
A72: HONGO | B72: 1/4 de circulo | C72: =INDEX(NORMATIVOS!$C$50:$Z$50,1,MATCH($B$3,NORMATIVOS!$C$1:$Z$1,0)) -> Consolidado
A73: HONGO | B73: 1/2 de circulo | C73: =INDEX(NORMATIVOS!$C$51:$Z$51,1,MATCH($B$3,NORMATIVOS!$C$1:$Z$1,0)) -> Consolidado
A74: HONGO | B74: 3/4 de circulo | C74: =INDEX(NORMATIVOS!$C$52:$Z$52,1,MATCH($B$3,NORMATIVOS!$C$1:$Z$1,0)) -> Consolidado
A75: HONGO | B75: 1 circulo | C75: =INDEX(NORMATIVOS!$C$53:$Z$53,1,MATCH($B$3,NORMATIVOS!$C$1:$Z$1,0)) -> Consolidado
A76: HONGO | B76: 2 circulos | C76: =INDEX(NORMATIVOS!$C$54:$Z$54,1,MATCH($B$3,NORMATIVOS!$C$1:$Z$1,0)) -> Consolidado
A77: HONGO | B77: 3 circulos | C77: =INDEX(NORMATIVOS!$C$55:$Z$55,1,MATCH($B$3,NORMATIVOS!$C$1:$Z$1,0)) -> Consolidado
A78: HONGO | B78: 4 circulos | C78: =INDEX(NORMATIVOS!$C$56:$Z$56,1,MATCH($B$3,NORMATIVOS!$C$1:$Z$1,0)) -> Consolidado
A79: HONGO | B79: 5 circulos | C79: =INDEX(NORMATIVOS!$C$57:$Z$57,1,MATCH($B$3,NORMATIVOS!$C$1:$Z$1,0)) -> Consolidado
A80: HONGO | B80: Salida finlandesa | C80: =INDEX(NORMATIVOS!$C$58:$Z$58,1,MATCH($B$3,NORMATIVOS!$C$1:$Z$1,0)) -> Proyección
A81: HONGO | B81: Splindle | C81: =INDEX(NORMATIVOS!$C$59:$Z$59,1,MATCH($B$3,NORMATIVOS!$C$1:$Z$1,0)) -> Consolidado
A82: HONGO | B82: Thomas Flair | C82: =INDEX(NORMATIVOS!$C$60:$Z$60,1,MATCH($B$3,NORMATIVOS!$C$1:$Z$1,0)) -> En proceso
A83: HONGO | B83: Cheka | C83: =INDEX(NORMATIVOS!$C$61:$Z$61,1,MATCH($B$3,NORMATIVOS!$C$1:$Z$1,0)) -> Consolidado
A84: HONGO | B84: Stöckli | C84: =INDEX(NORMATIVOS!$C$62:$Z$62,1,MATCH($B$3,NORMATIVOS!$C$1:$Z$1,0)) -> Consolidado
A85: HONGO | B85: Splindle con thomas | C85: =INDEX(NORMATIVOS!$C$63:$Z$63,1,MATCH($B$3,NORMATIVOS!$C$1:$Z$1,0)) -> Consolidado
A86: HONGO | B86: Rusa | C86: =INDEX(NORMATIVOS!$C$64:$Z$64,1,MATCH($B$3,NORMATIVOS!$C$1:$Z$1,0)) -> Proyección
A87: CABALLO SIN ARZON | B87: 1/2 Circulo | C87: =INDEX(NORMATIVOS!$C$65:$Z$65,1,MATCH($B$3,NORMATIVOS!$C$1:$Z$1,0)) -> Consolidado
A88: CABALLO SIN ARZON | B88: Circulo | C88: =INDEX(NORMATIVOS!$C$66:$Z$66,1,MATCH($B$3,NORMATIVOS!$C$1:$Z$1,0)) -> Consolidado
A89: CABALLO SIN ARZON | B89: Thomas Flair | C89: =INDEX(NORMATIVOS!$C$67:$Z$67,1,MATCH($B$3,NORMATIVOS!$C$1:$Z$1,0)) -> Consolidado
A90: CABALLO SIN ARZON | B90: 1/4 de Kehr | C90: =INDEX(NORMATIVOS!$C$68:$Z$68,1,MATCH($B$3,NORMATIVOS!$C$1:$Z$1,0)) -> Consolidado
A91: CABALLO SIN ARZON | B91: 1/2 Splindle | C91: =INDEX(NORMATIVOS!$C$69:$Z$69,1,MATCH($B$3,NORMATIVOS!$C$1:$Z$1,0)) -> Consolidado
A92: CABALLO SIN ARZON | B92: Salida finlandesa | C92: =INDEX(NORMATIVOS!$C$70:$Z$70,1,MATCH($B$3,NORMATIVOS!$C$1:$Z$1,0)) -> Consolidado
A93: CABALLO SIN ARZON | B93: Cheka | C93: =INDEX(NORMATIVOS!$C$71:$Z$71,1,MATCH($B$3,NORMATIVOS!$C$1:$Z$1,0)) -> Consolidado
A94: CABALLO SIN ARZON | B94: Stöckli | C94: =INDEX(NORMATIVOS!$C$72:$Z$72,1,MATCH($B$3,NORMATIVOS!$C$1:$Z$1,0)) -> En proceso
A95: CABALLO SIN ARZON | B95: 1/2 Magyar | C95: =INDEX(NORMATIVOS!$C$73:$Z$73,1,MATCH($B$3,NORMATIVOS!$C$1:$Z$1,0)) -> En proceso
A96: CABALLO SIN ARZON | B96: 1/2 Sivado | C96: =INDEX(NORMATIVOS!$C$74:$Z$74,1,MATCH($B$3,NORMATIVOS!$C$1:$Z$1,0)) -> En proceso
A97: CABALLO SIN ARZON | B97: Rusa | C97: =INDEX(NORMATIVOS!$C$75:$Z$75,1,MATCH($B$3,NORMATIVOS!$C$1:$Z$1,0)) -> En proceso
A98: CABALLO SIN ARZON | B98: Doble rusa | C98: =INDEX(NORMATIVOS!$C$76:$Z$76,1,MATCH($B$3,NORMATIVOS!$C$1:$Z$1,0)) -> Proyección
A99: CABALLO SIN ARZON | B99: Magyar | C99: =INDEX(NORMATIVOS!$C$77:$Z$77,1,MATCH($B$3,NORMATIVOS!$C$1:$Z$1,0)) -> Proyección
A100: CABALLO SIN ARZON | B100: Sivado | C100: =INDEX(NORMATIVOS!$C$78:$Z$78,1,MATCH($B$3,NORMATIVOS!$C$1:$Z$1,0)) -> Proyección
A101: CABALLO CON ARZONES | B101: Balanceo pendular | C101: =INDEX(NORMATIVOS!$C$79:$Z$79,1,MATCH($B$3,NORMATIVOS!$C$1:$Z$1,0)) -> Consolidado
A102: CABALLO CON ARZONES | B102: Tijera falsa | C102: =INDEX(NORMATIVOS!$C$80:$Z$80,1,MATCH($B$3,NORMATIVOS!$C$1:$Z$1,0)) -> Consolidado
A103: CABALLO CON ARZONES | B103: Tijera | C103: =INDEX(NORMATIVOS!$C$81:$Z$81,1,MATCH($B$3,NORMATIVOS!$C$1:$Z$1,0)) -> Consolidado
A104: CABALLO CON ARZONES | B104: Circulo sobre arzones | C104: =INDEX(NORMATIVOS!$C$82:$Z$82,1,MATCH($B$3,NORMATIVOS!$C$1:$Z$1,0)) -> En proceso
A105: CABALLO CON ARZONES | B105: Tijera circulo | C105: =INDEX(NORMATIVOS!$C$83:$Z$83,1,MATCH($B$3,NORMATIVOS!$C$1:$Z$1,0)) -> En proceso
...

Sheet INDICADORES
A1: INDICADORES DE SEGUIMIENTO AKC
A3: Atletas evaluados | B3: =COUNTA(CONSOLIDADO!A4:A5) -> 2 | D3: Estado | E3: Total
A4: % dominio promedio | B4: =AVERAGE(CONSOLIDADO!G4:G5) -> 0.42477433 | D4: N/A | E4: =SUM(CONSOLIDADO!F4:F5) -> 3
A5: Elementos consolidados | B5: =SUM(CONSOLIDADO!C4:C5) -> 223 | D5: Proyección | E5: =SUM(CONSOLIDADO!E4:E5) -> 200
A6: Elementos en proceso | B6: =SUM(CONSOLIDADO!D4:D5) -> 102 | D6: En proceso | E6: =SUM(CONSOLIDADO!D4:D5) -> 102
D7: Consolidado | E7: =SUM(CONSOLIDADO!C4:C5) -> 223
A10: DOMINIO PROMEDIO POR APARATO
A11: Aparato | B11: % dominio
A12: POSICIONES BÁSICAS Y FUERZA | B12: =IFERROR(COUNTIF(NORMATIVOS!$C$3:$D$16,"Consolidado")/(COUNTA(NORMATIVOS!$C$3:$D$16)-COUNTIF(NORMATIVOS!$C$3:$D$16,"N/A")),0) -> 0.53571429
A13: ACROBATICO HACÍA DELANTE | B13: =IFERROR(COUNTIF(NORMATIVOS!$C$17:$D$27,"Consolidado")/(COUNTA(NORMATIVOS!$C$17:$D$27)-COUNTIF(NORMATIVOS!$C$17:$D$27,"N/A")),0) -> 0.72727273
A14: ACROBATICO HACÍA ATRÁS | B14: =IFERROR(COUNTIF(NORMATIVOS!$C$28:$D$37,"Consolidado")/(COUNTA(NORMATIVOS!$C$28:$D$37)-COUNTIF(NORMATIVOS!$C$28:$D$37,"N/A")),0) -> 0.4
A15: ACROBATICO CON GIRO | B15: =IFERROR(COUNTIF(NORMATIVOS!$C$38:$D$46,"Consolidado")/(COUNTA(NORMATIVOS!$C$38:$D$46)-COUNTIF(NORMATIVOS!$C$38:$D$46,"N/A")),0) -> 0
A16: HONGO | B16: =IFERROR(COUNTIF(NORMATIVOS!$C$49:$D$64,"Consolidado")/(COUNTA(NORMATIVOS!$C$49:$D$64)-COUNTIF(NORMATIVOS!$C$49:$D$64,"N/A")),0) -> 0.8125
A17: CABALLO SIN ARZON | B17: =IFERROR(COUNTIF(NORMATIVOS!$C$65:$D$78,"Consolidado")/(COUNTA(NORMATIVOS!$C$65:$D$78)-COUNTIF(NORMATIVOS!$C$65:$D$78,"N/A")),0) -> 0.57142857
A18: CABALLO CON ARZONES | B18: =IFERROR(COUNTIF(NORMATIVOS!$C$79:$D$104,"Consolidado")/(COUNTA(NORMATIVOS!$C$79:$D$104)-COUNTIF(NORMATIVOS!$C$79:$D$104,"N/A")),0) -> 0.11538462
A19: ELEMENTOS DE FUERZA | B19: =IFERROR(COUNTIF(NORMATIVOS!$C$107:$D$121,"Consolidado")/(COUNTA(NORMATIVOS!$C$107:$D$121)-COUNTIF(NORMATIVOS!$C$107:$D$121,"N/A")),0) -> 0.6
A20: ELEMENTOS DE VUELO | B20: =IFERROR(COUNTIF(NORMATIVOS!$C$122:$D$141,"Consolidado")/(COUNTA(NORMATIVOS!$C$122:$D$141)-COUNTIF(NORMATIVOS!$C$122:$D$141,"N/A")),0) -> 0.25
A21: ACCIONES SIN TABLA DE SALTO | B21: =IFERROR(COUNTIF(NORMATIVOS!$C$144:$D$150,"Consolidado")/(COUNTA(NORMATIVOS!$C$144:$D$150)-COUNTIF(NORMATIVOS!$C$144:$D$150,"N/A")),0) -> 1
A22: SALTOS | B22: =IFERROR(COUNTIF(NORMATIVOS!$C$151:$D$172,"Consolidado")/(COUNTA(NORMATIVOS!$C$151:$D$172)-COUNTIF(NORMATIVOS!$C$151:$D$172,"N/A")),0) -> 0.18181818
A23: ELEMENTOS EN SUSPENSION | B23: =IFERROR(COUNTIF(NORMATIVOS!$C$175:$D$192,"Consolidado")/(COUNTA(NORMATIVOS!$C$175:$D$192)-COUNTIF(NORMATIVOS!$C$175:$D$192,"N/A")),0) -> 0.5
A24: ELEMENTOS EN APOYO | B24: =IFERROR(COUNTIF(NORMATIVOS!$C$193:$D$216,"Consolidado")/(COUNTA(NORMATIVOS!$C$193:$D$216)-COUNTIF(NORMATIVOS!$C$193:$D$216,"N/A")),0) -> 0.45833333
A25: ELEMENTOS EN APOYO BRAQUIAL | B25: =IFERROR(COUNTIF(NORMATIVOS!$C$217:$D$229,"Consolidado")/(COUNTA(NORMATIVOS!$C$217:$D$229)-COUNTIF(NORMATIVOS!$C$217:$D$229,"N/A")),0) -> 0.23076923
A26: ELEMENTOS DE VUELO Y SOLTADAS | B26: =IFERROR(COUNTIF(NORMATIVOS!$C$232:$D$259,"Consolidado")/(COUNTA(NORMATIVOS!$C$232:$D$259)-COUNTIF(NORMATIVOS!$C$232:$D$259,"N/A")),0) -> 0.53571429
A27: ACERCAMIENTO A LA BARRA | B27: =IFERROR(COUNTIF(NORMATIVOS!$C$260:$D$276,"Consolidado")/(COUNTA(NORMATIVOS!$C$260:$D$276)-COUNTIF(NORMATIVOS!$C$260:$D$276,"N/A")),0) -> 0.29411765

Sheet CONSOLIDADO
A1: CONSOLIDADO GENERAL DE NORMATIVOS AKC
A3: Atleta | B3: Elementos evaluados | C3: Consolidados | D3: En proceso | E3: Proyección | F3: N/A | G3: % dominio | H3: Seguimiento
A4: =NORMATIVOS!C1 -> Angel Babun | B4: =COUNTA(NORMATIVOS!$C$3:$C$276) -> 264 | C4: =COUNTIF(NORMATIVOS!$C$3:$C$276,"Consolidado") -> 113 | D4: =COUNTIF(NORMATIVOS!$C$3:$C$276,"En proceso") -> 49 | E4: =COUNTIF(NORMATIVOS!$C$3:$C$276,"Proyección") -> 100 | F4: =COUNTIF(NORMATIVOS!$C$3:$C$276,"N/A") -> 2 | G4: =IFERROR(C4/(B4-F4),0) -> 0.43129771 | H4: =IF(G4>=0.8,"Alto avance",IF(G4>=0.5,"Avance medio","Requiere seguimiento")) -> Requiere seguimiento
A5: =NORMATIVOS!D1 -> Felix Mogollon | B5: =COUNTA(NORMATIVOS!$D$3:$D$276) -> 264 | C5: =COUNTIF(NORMATIVOS!$D$3:$D$276,"Consolidado") -> 110 | D5: =COUNTIF(NORMATIVOS!$D$3:$D$276,"En proceso") -> 53 | E5: =COUNTIF(NORMATIVOS!$D$3:$D$276,"Proyección") -> 100 | F5: =COUNTIF(NORMATIVOS!$D$3:$D$276,"N/A") -> 1 | G5: =IFERROR(C5/(B5-F5),0) -> 0.41825095 | H5: =IF(G5>=0.8,"Alto avance",IF(G5>=0.5,"Avance medio","Requiere seguimiento")) -> Requiere seguimiento

Sheet CATALOGOS
A1: ESTADOS DE EVALUACIÓN | C1: APARATOS | E1: CRITERIO | G1: ESTADO → CICLO DE CARGA
A2: N/A | C2: POSICIONES BÁSICAS Y FUERZA | E2: N/A = no aplica / aún no corresponde | G2: Estado | H2: Ciclo de carga | I2: Enfoque
A3: Proyección | C3: ACROBATICO HACÍA DELANTE | E3: Proyección = habilidad prevista para desarrollar | G3: Consolidado | H3: Microciclo | I3: Mantener / perfeccionar
A4: En proceso | C4: ACROBATICO HACÍA ATRÁS | E4: En proceso = habilidad trabajada pero no consolidada | G4: En proceso | H4: Mesociclo | I4: Desarrollar / consolidar
A5: Consolidado | C5: ACROBATICO CON GIRO | E5: Consolidado = habilidad dominada según el criterio del entrenador | G5: Proyección | H5: Macrociclo | I5: Iniciar / aprender
C6: HONGO | G6: N/A | H6: No aplica | I6: Sin carga
C7: CABALLO SIN ARZON
C8: CABALLO CON ARZONES
C9: ELEMENTOS DE FUERZA
C10: ELEMENTOS DE VUELO
C11: ACCIONES SIN TABLA DE SALTO
C12: SALTOS
C13: ELEMENTOS EN SUSPENSION
C14: ELEMENTOS EN APOYO
C15: ELEMENTOS EN APOYO BRAQUIAL
C16: ELEMENTOS DE VUELO Y SOLTADAS
C17: ACERCAMIENTO A LA BARRA

Sheet Angel Babun
A1: EVALUACIÓN DE NORMATIVOS Y CICLOS DE CARGA
A3: Atleta: | B3: =NORMATIVOS!C1 -> Angel Babun
A5: RESUMEN | D5: Aparato | E5: Consolidado | F5: En proceso | G5: Proyección | H5: % dominio | I5: Ciclo prioritario
A6: Elementos evaluados | B6: =INDEX(CONSOLIDADO!$B$4:$B$5,MATCH($B$3,CONSOLIDADO!$A$4:$A$5,0)) -> 264 | D6: POSICIONES BÁSICAS Y FUERZA | E6: =--(INDEX(NORMATIVOS!$C$3:$Z$3,1,MATCH($B$3,NORMATIVOS!$C$1:$Z$1,0))="Consolidado")+--(INDEX(NORMATIVOS!$C$4:$Z$4,1,MATCH($B$3,NORMATIVOS!$C$1:$Z$1,0))="Consolidado")+--(INDEX(NORMATIVOS!$C$5:$Z$5,1,MATCH($B$3,NORMATIVOS!$C$1:$Z$1,0))="Consolidado")+--(INDEX(NORMATIVOS!$C$6:$Z$6,1,MATCH($B$3,NORMATIVOS!$C$1:$Z$1,0))="Consolidado")+--(INDEX(NORMATIVOS!$C$7:$Z$7,1,MATCH($B$3,NORMATIVOS!$C$1:$Z$1,0))="Consolidado")+--(INDEX(NORMATIVOS!$C$8:$Z$8,1,MATCH($B$3,NORMATIVOS!$C$1:$Z$1,0))="Consolidado")+--(INDEX(NORMATIVOS!$C$9:$Z$9,1,MATCH($B$3,NORMATIVOS!$C$1:$Z$1,0))="Consolidado")+--(INDEX(NORMATIVOS!$C$10:$Z$10,1,MATCH($B$3,NORMATIVOS!$C$1:$Z$1,0))="Consolidado")+--(INDEX(NORMATIVOS!$C$11:$Z$11,1,MATCH($B$3,NORMATIVOS!$C$1:$Z$1,0))="Consolidado")+--(INDEX(NORMATIVOS!$C$12:$Z$12,1,MATCH($B$3,NORMATIVOS!$C$1:$Z$1,0))="Consolidado")+--(INDEX(NORMATIVOS!$C$13:$Z$13,1,MATCH($B$3,NORMATIVOS!$C$1:$Z$1,0))="Consolidado")+--(INDEX(NORMATIVOS!$C$14:$Z$14,1,MATCH($B$3,NORMATIVOS!$C$1:$Z$1,0))="Consolidado")+--(INDEX(NORMATIVOS!$C$15:$Z$15,1,MATCH($B$3,NORMATIVOS!$C$1:$Z$1,0))="Consolidado")+--(INDEX(NORMATIVOS!$C$16:$Z$16,1,MATCH($B$3,NORMATIVOS!$C$1:$Z$1,0))="Consolidado") -> 9 | F6: =--(INDEX(NORMATIVOS!$C$3:$Z$3,1,MATCH($B$3,NORMATIVOS!$C$1:$Z$1,0))="En proceso")+--(INDEX(NORMATIVOS!$C$4:$Z$4,1,MATCH($B$3,NORMATIVOS!$C$1:$Z$1,0))="En proceso")+--(INDEX(NORMATIVOS!$C$5:$Z$5,1,MATCH($B$3,NORMATIVOS!$C$1:$Z$1,0))="En proceso")+--(INDEX(NORMATIVOS!$C$6:$Z$6,1,MATCH($B$3,NORMATIVOS!$C$1:$Z$1,0))="En proceso")+--(INDEX(NORMATIVOS!$C$7:$Z$7,1,MATCH($B$3,NORMATIVOS!$C$1:$Z$1,0))="En proceso")+--(INDEX(NORMATIVOS!$C$8:$Z$8,1,MATCH($B$3,NORMATIVOS!$C$1:$Z$1,0))="En proceso")+--(INDEX(NORMATIVOS!$C$9:$Z$9,1,MATCH($B$3,NORMATIVOS!$C$1:$Z$1,0))="En proceso")+--(INDEX(NORMATIVOS!$C$10:$Z$10,1,MATCH($B$3,NORMATIVOS!$C$1:$Z$1,0))="En proceso")+--(INDEX(NORMATIVOS!$C$11:$Z$11,1,MATCH($B$3,NORMATIVOS!$C$1:$Z$1,0))="En proceso")+--(INDEX(NORMATIVOS!$C$12:$Z$12,1,MATCH($B$3,NORMATIVOS!$C$1:$Z$1,0))="En proceso")+--(INDEX(NORMATIVOS!$C$13:$Z$13,1,MATCH($B$3,NORMATIVOS!$C$1:$Z$1,0))="En proceso")+--(INDEX(NORMATIVOS!$C$14:$Z$14,1,MATCH($B$3,NORMATIVOS!$C$1:$Z$1,0))="En proceso")+--(INDEX(NORMATIVOS!$C$15:$Z$15,1,MATCH($B$3,NORMATIVOS!$C$1:$Z$1,0))="En proceso")+--(INDEX(NORMATIVOS!$C$16:$Z$16,1,MATCH($B$3,NORMATIVOS!$C$1:$Z$1,0))="En proceso") -> 5 | G6: =--(INDEX(NORMATIVOS!$C$3:$Z$3,1,MATCH($B$3,NORMATIVOS!$C$1:$Z$1,0))="Proyección")+--(INDEX(NORMATIVOS!$C$4:$Z$4,1,MATCH($B$3,NORMATIVOS!$C$1:$Z$1,0))="Proyección")+--(INDEX(NORMATIVOS!$C$5:$Z$5,1,MATCH($B$3,NORMATIVOS!$C$1:$Z$1,0))="Proyección")+--(INDEX(NORMATIVOS!$C$6:$Z$6,1,MATCH($B$3,NORMATIVOS!$C$1:$Z$1,0))="Proyección")+--(INDEX(NORMATIVOS!$C$7:$Z$7,1,MATCH($B$3,NORMATIVOS!$C$1:$Z$1,0))="Proyección")+--(INDEX(NORMATIVOS!$C$8:$Z$8,1,MATCH($B$3,NORMATIVOS!$C$1:$Z$1,0))="Proyección")+--(INDEX(NORMATIVOS!$C$9:$Z$9,1,MATCH($B$3,NORMATIVOS!$C$1:$Z$1,0))="Proyección")+--(INDEX(NORMATIVOS!$C$10:$Z$10,1,MATCH($B$3,NORMATIVOS!$C$1:$Z$1,0))="Proyección")+--(INDEX(NORMATIVOS!$C$11:$Z$11,1,MATCH($B$3,NORMATIVOS!$C$1:$Z$1,0))="Proyección")+--(INDEX(NORMATIVOS!$C$12:$Z$12,1,MATCH($B$3,NORMATIVOS!$C$1:$Z$1,0))="Proyección")+--(INDEX(NORMATIVOS!$C$13:$Z$13,1,MATCH($B$3,NORMATIVOS!$C$1:$Z$1,0))="Proyección")+--(INDEX(NORMATIVOS!$C$14:$Z$14,1,MATCH($B$3,NORMATIVOS!$C$1:$Z$1,0))="Proyección")+--(INDEX(NORMATIVOS!$C$15:$Z$15,1,MATCH($B$3,NORMATIVOS!$C$1:$Z$1,0))="Proyección")+--(INDEX(NORMATIVOS!$C$16:$Z$16,1,MATCH($B$3,NORMATIVOS!$C$1:$Z$1,0))="Proyección") -> 0 | H6: =IFERROR(E6/(E6+F6+G6),0) -> 0.64285714 | I6: =IF(F6>0,CATALOGOS!$H$4,IF(G6>0,CATALOGOS!$H$5,CATALOGOS!$H$3)) -> Mesociclo
A7: Consolidados | B7: =INDEX(CONSOLIDADO!$C$4:$C$5,MATCH($B$3,CONSOLIDADO!$A$4:$A$5,0)) -> 113 | D7: ACROBATICO HACÍA DELANTE | E7: =--(INDEX(NORMATIVOS!$C$17:$Z$17,1,MATCH($B$3,NORMATIVOS!$C$1:$Z$1,0))="Consolidado")+--(INDEX(NORMATIVOS!$C$18:$Z$18,1,MATCH($B$3,NORMATIVOS!$C$1:$Z$1,0))="Consolidado")+--(INDEX(NORMATIVOS!$C$19:$Z$19,1,MATCH($B$3,NORMATIVOS!$C$1:$Z$1,0))="Consolidado")+--(INDEX(NORMATIVOS!$C$20:$Z$20,1,MATCH($B$3,NORMATIVOS!$C$1:$Z$1,0))="Consolidado")+--(INDEX(NORMATIVOS!$C$21:$Z$21,1,MATCH($B$3,NORMATIVOS!$C$1:$Z$1,0))="Consolidado")+--(INDEX(NORMATIVOS!$C$22:$Z$22,1,MATCH($B$3,NORMATIVOS!$C$1:$Z$1,0))="Consolidado")+--(INDEX(NORMATIVOS!$C$23:$Z$23,1,MATCH($B$3,NORMATIVOS!$C$1:$Z$1,0))="Consolidado")+--(INDEX(NORMATIVOS!$C$24:$Z$24,1,MATCH($B$3,NORMATIVOS!$C$1:$Z$1,0))="Consolidado")+--(INDEX(NORMATIVOS!$C$25:$Z$25,1,MATCH($B$3,NORMATIVOS!$C$1:$Z$1,0))="Consolidado")+--(INDEX(NORMATIVOS!$C$26:$Z$26,1,MATCH($B$3,NORMATIVOS!$C$1:$Z$1,0))="Consolidado")+--(INDEX(NORMATIVOS!$C$27:$Z$27,1,MATCH($B$3,NORMATIVOS!$C$1:$Z$1,0))="Consolidado") -> 8 | F7: =--(INDEX(NORMATIVOS!$C$17:$Z$17,1,MATCH($B$3,NORMATIVOS!$C$1:$Z$1,0))="En proceso")+--(INDEX(NORMATIVOS!$C$18:$Z$18,1,MATCH($B$3,NORMATIVOS!$C$1:$Z$1,0))="En proceso")+--(INDEX(NORMATIVOS!$C$19:$Z$19,1,MATCH($B$3,NORMATIVOS!$C$1:$Z$1,0))="En proceso")+--(INDEX(NORMATIVOS!$C$20:$Z$20,1,MATCH($B$3,NORMATIVOS!$C$1:$Z$1,0))="En proceso")+--(INDEX(NORMATIVOS!$C$21:$Z$21,1,MATCH($B$3,NORMATIVOS!$C$1:$Z$1,0))="En proceso")+--(INDEX(NORMATIVOS!$C$22:$Z$22,1,MATCH($B$3,NORMATIVOS!$C$1:$Z$1,0))="En proceso")+--(INDEX(NORMATIVOS!$C$23:$Z$23,1,MATCH($B$3,NORMATIVOS!$C$1:$Z$1,0))="En proceso")+--(INDEX(NORMATIVOS!$C$24:$Z$24,1,MATCH($B$3,NORMATIVOS!$C$1:$Z$1,0))="En proceso")+--(INDEX(NORMATIVOS!$C$25:$Z$25,1,MATCH($B$3,NORMATIVOS!$C$1:$Z$1,0))="En proceso")+--(INDEX(NORMATIVOS!$C$26:$Z$26,1,MATCH($B$3,NORMATIVOS!$C$1:$Z$1,0))="En proceso")+--(INDEX(NORMATIVOS!$C$27:$Z$27,1,MATCH($B$3,NORMATIVOS!$C$1:$Z$1,0))="En proceso") -> 2 | G7: =--(INDEX(NORMATIVOS!$C$17:$Z$17,1,MATCH($B$3,NORMATIVOS!$C$1:$Z$1,0))="Proyección")+--(INDEX(NORMATIVOS!$C$18:$Z$18,1,MATCH($B$3,NORMATIVOS!$C$1:$Z$1,0))="Proyección")+--(INDEX(NORMATIVOS!$C$19:$Z$19,1,MATCH($B$3,NORMATIVOS!$C$1:$Z$1,0))="Proyección")+--(INDEX(NORMATIVOS!$C$20:$Z$20,1,MATCH($B$3,NORMATIVOS!$C$1:$Z$1,0))="Proyección")+--(INDEX(NORMATIVOS!$C$21:$Z$21,1,MATCH($B$3,NORMATIVOS!$C$1:$Z$1,0))="Proyección")+--(INDEX(NORMATIVOS!$C$22:$Z$22,1,MATCH($B$3,NORMATIVOS!$C$1:$Z$1,0))="Proyección")+--(INDEX(NORMATIVOS!$C$23:$Z$23,1,MATCH($B$3,NORMATIVOS!$C$1:$Z$1,0))="Proyección")+--(INDEX(NORMATIVOS!$C$24:$Z$24,1,MATCH($B$3,NORMATIVOS!$C$1:$Z$1,0))="Proyección")+--(INDEX(NORMATIVOS!$C$25:$Z$25,1,MATCH($B$3,NORMATIVOS!$C$1:$Z$1,0))="Proyección")+--(INDEX(NORMATIVOS!$C$26:$Z$26,1,MATCH($B$3,NORMATIVOS!$C$1:$Z$1,0))="Proyección")+--(INDEX(NORMATIVOS!$C$27:$Z$27,1,MATCH($B$3,NORMATIVOS!$C$1:$Z$1,0))="Proyección") -> 1 | H7: =IFERROR(E7/(E7+F7+G7),0) -> 0.72727273 | I7: =IF(F7>0,CATALOGOS!$H$4,IF(G7>0,CATALOGOS!$H$5,CATALOGOS!$H$3)) -> Mesociclo
A8: En proceso | B8: =INDEX(CONSOLIDADO!$D$4:$D$5,MATCH($B$3,CONSOLIDADO!$A$4:$A$5,0)) -> 49 | D8: ACROBATICO HACÍA ATRÁS | E8: =--(INDEX(NORMATIVOS!$C$28:$Z$28,1,MATCH($B$3,NORMATIVOS!$C$1:$Z$1,0))="Consolidado")+--(INDEX(NORMATIVOS!$C$29:$Z$29,1,MATCH($B$3,NORMATIVOS!$C$1:$Z$1,0))="Consolidado")+--(INDEX(NORMATIVOS!$C$30:$Z$30,1,MATCH($B$3,NORMATIVOS!$C$1:$Z$1,0))="Consolidado")+--(INDEX(NORMATIVOS!$C$31:$Z$31,1,MATCH($B$3,NORMATIVOS!$C$1:$Z$1,0))="Consolidado")+--(INDEX(NORMATIVOS!$C$32:$Z$32,1,MATCH($B$3,NORMATIVOS!$C$1:$Z$1,0))="Consolidado")+--(INDEX(NORMATIVOS!$C$33:$Z$33,1,MATCH($B$3,NORMATIVOS!$C$1:$Z$1,0))="Consolidado")+--(INDEX(NORMATIVOS!$C$34:$Z$34,1,MATCH($B$3,NORMATIVOS!$C$1:$Z$1,0))="Consolidado")+--(INDEX(NORMATIVOS!$C$35:$Z$35,1,MATCH($B$3,NORMATIVOS!$C$1:$Z$1,0))="Consolidado")+--(INDEX(NORMATIVOS!$C$36:$Z$36,1,MATCH($B$3,NORMATIVOS!$C$1:$Z$1,0))="Consolidado")+--(INDEX(NORMATIVOS!$C$37:$Z$37,1,MATCH($B$3,NORMATIVOS!$C$1:$Z$1,0))="Consolidado") -> 5 | F8: =--(INDEX(NORMATIVOS!$C$28:$Z$28,1,MATCH($B$3,NORMATIVOS!$C$1:$Z$1,0))="En proceso")+--(INDEX(NORMATIVOS!$C$29:$Z$29,1,MATCH($B$3,NORMATIVOS!$C$1:$Z$1,0))="En proceso")+--(INDEX(NORMATIVOS!$C$30:$Z$30,1,MATCH($B$3,NORMATIVOS!$C$1:$Z$1,0))="En proceso")+--(INDEX(NORMATIVOS!$C$31:$Z$31,1,MATCH($B$3,NORMATIVOS!$C$1:$Z$1,0))="En proceso")+--(INDEX(NORMATIVOS!$C$32:$Z$32,1,MATCH($B$3,NORMATIVOS!$C$1:$Z$1,0))="En proceso")+--(INDEX(NORMATIVOS!$C$33:$Z$33,1,MATCH($B$3,NORMATIVOS!$C$1:$Z$1,0))="En proceso")+--(INDEX(NORMATIVOS!$C$34:$Z$34,1,MATCH($B$3,NORMATIVOS!$C$1:$Z$1,0))="En proceso")+--(INDEX(NORMATIVOS!$C$35:$Z$35,1,MATCH($B$3,NORMATIVOS!$C$1:$Z$1,0))="En proceso")+--(INDEX(NORMATIVOS!$C$36:$Z$36,1,MATCH($B$3,NORMATIVOS!$C$1:$Z$1,0))="En proceso")+--(INDEX(NORMATIVOS!$C$37:$Z$37,1,MATCH($B$3,NORMATIVOS!$C$1:$Z$1,0))="En proceso") -> 4 | G8: =--(INDEX(NORMATIVOS!$C$28:$Z$28,1,MATCH($B$3,NORMATIVOS!$C$1:$Z$1,0))="Proyección")+--(INDEX(NORMATIVOS!$C$29:$Z$29,1,MATCH($B$3,NORMATIVOS!$C$1:$Z$1,0))="Proyección")+--(INDEX(NORMATIVOS!$C$30:$Z$30,1,MATCH($B$3,NORMATIVOS!$C$1:$Z$1,0))="Proyección")+--(INDEX(NORMATIVOS!$C$31:$Z$31,1,MATCH($B$3,NORMATIVOS!$C$1:$Z$1,0))="Proyección")+--(INDEX(NORMATIVOS!$C$32:$Z$32,1,MATCH($B$3,NORMATIVOS!$C$1:$Z$1,0))="Proyección")+--(INDEX(NORMATIVOS!$C$33:$Z$33,1,MATCH($B$3,NORMATIVOS!$C$1:$Z$1,0))="Proyección")+--(INDEX(NORMATIVOS!$C$34:$Z$34,1,MATCH($B$3,NORMATIVOS!$C$1:$Z$1,0))="Proyección")+--(INDEX(NORMATIVOS!$C$35:$Z$35,1,MATCH($B$3,NORMATIVOS!$C$1:$Z$1,0))="Proyección")+--(INDEX(NORMATIVOS!$C$36:$Z$36,1,MATCH($B$3,NORMATIVOS!$C$1:$Z$1,0))="Proyección")+--(INDEX(NORMATIVOS!$C$37:$Z$37,1,MATCH($B$3,NORMATIVOS!$C$1:$Z$1,0))="Proyección") -> 1 | H8: =IFERROR(E8/(E8+F8+G8),0) -> 0.5 | I8: =IF(F8>0,CATALOGOS!$H$4,IF(G8>0,CATALOGOS!$H$5,CATALOGOS!$H$3)) -> Mesociclo
A9: Proyección | B9: =INDEX(CONSOLIDADO!$E$4:$E$5,MATCH($B$3,CONSOLIDADO!$A$4:$A$5,0)) -> 100 | D9: ACROBATICO CON GIRO | E9: =--(INDEX(NORMATIVOS!$C$38:$Z$38,1,MATCH($B$3,NORMATIVOS!$C$1:$Z$1,0))="Consolidado")+--(INDEX(NORMATIVOS!$C$39:$Z$39,1,MATCH($B$3,NORMATIVOS!$C$1:$Z$1,0))="Consolidado")+--(INDEX(NORMATIVOS!$C$40:$Z$40,1,MATCH($B$3,NORMATIVOS!$C$1:$Z$1,0))="Consolidado")+--(INDEX(NORMATIVOS!$C$41:$Z$41,1,MATCH($B$3,NORMATIVOS!$C$1:$Z$1,0))="Consolidado")+--(INDEX(NORMATIVOS!$C$42:$Z$42,1,MATCH($B$3,NORMATIVOS!$C$1:$Z$1,0))="Consolidado")+--(INDEX(NORMATIVOS!$C$43:$Z$43,1,MATCH($B$3,NORMATIVOS!$C$1:$Z$1,0))="Consolidado")+--(INDEX(NORMATIVOS!$C$44:$Z$44,1,MATCH($B$3,NORMATIVOS!$C$1:$Z$1,0))="Consolidado")+--(INDEX(NORMATIVOS!$C$45:$Z$45,1,MATCH($B$3,NORMATIVOS!$C$1:$Z$1,0))="Consolidado")+--(INDEX(NORMATIVOS!$C$46:$Z$46,1,MATCH($B$3,NORMATIVOS!$C$1:$Z$1,0))="Consolidado") -> 0 | F9: =--(INDEX(NORMATIVOS!$C$38:$Z$38,1,MATCH($B$3,NORMATIVOS!$C$1:$Z$1,0))="En proceso")+--(INDEX(NORMATIVOS!$C$39:$Z$39,1,MATCH($B$3,NORMATIVOS!$C$1:$Z$1,0))="En proceso")+--(INDEX(NORMATIVOS!$C$40:$Z$40,1,MATCH($B$3,NORMATIVOS!$C$1:$Z$1,0))="En proceso")+--(INDEX(NORMATIVOS!$C$41:$Z$41,1,MATCH($B$3,NORMATIVOS!$C$1:$Z$1,0))="En proceso")+--(INDEX(NORMATIVOS!$C$42:$Z$42,1,MATCH($B$3,NORMATIVOS!$C$1:$Z$1,0))="En proceso")+--(INDEX(NORMATIVOS!$C$43:$Z$43,1,MATCH($B$3,NORMATIVOS!$C$1:$Z$1,0))="En proceso")+--(INDEX(NORMATIVOS!$C$44:$Z$44,1,MATCH($B$3,NORMATIVOS!$C$1:$Z$1,0))="En proceso")+--(INDEX(NORMATIVOS!$C$45:$Z$45,1,MATCH($B$3,NORMATIVOS!$C$1:$Z$1,0))="En proceso")+--(INDEX(NORMATIVOS!$C$46:$Z$46,1,MATCH($B$3,NORMATIVOS!$C$1:$Z$1,0))="En proceso") -> 7 | G9: =--(INDEX(NORMATIVOS!$C$38:$Z$38,1,MATCH($B$3,NORMATIVOS!$C$1:$Z$1,0))="Proyección")+--(INDEX(NORMATIVOS!$C$39:$Z$39,1,MATCH($B$3,NORMATIVOS!$C$1:$Z$1,0))="Proyección")+--(INDEX(NORMATIVOS!$C$40:$Z$40,1,MATCH($B$3,NORMATIVOS!$C$1:$Z$1,0))="Proyección")+--(INDEX(NORMATIVOS!$C$41:$Z$41,1,MATCH($B$3,NORMATIVOS!$C$1:$Z$1,0))="Proyección")+--(INDEX(NORMATIVOS!$C$42:$Z$42,1,MATCH($B$3,NORMATIVOS!$C$1:$Z$1,0))="Proyección")+--(INDEX(NORMATIVOS!$C$43:$Z$43,1,MATCH($B$3,NORMATIVOS!$C$1:$Z$1,0))="Proyección")+--(INDEX(NORMATIVOS!$C$44:$Z$44,1,MATCH($B$3,NORMATIVOS!$C$1:$Z$1,0))="Proyección")+--(INDEX(NORMATIVOS!$C$45:$Z$45,1,MATCH($B$3,NORMATIVOS!$C$1:$Z$1,0))="Proyección")+--(INDEX(NORMATIVOS!$C$46:$Z$46,1,MATCH($B$3,NORMATIVOS!$C$1:$Z$1,0))="Proyección") -> 0 | H9: =IFERROR(E9/(E9+F9+G9),0) -> 0 | I9: =IF(F9>0,CATALOGOS!$H$4,IF(G9>0,CATALOGOS!$H$5,CATALOGOS!$H$3)) -> Mesociclo
A10: N/A | B10: =INDEX(CONSOLIDADO!$F$4:$F$5,MATCH($B$3,CONSOLIDADO!$A$4:$A$5,0)) -> 2 | D10: HONGO | E10: =--(INDEX(NORMATIVOS!$C$49:$Z$49,1,MATCH($B$3,NORMATIVOS!$C$1:$Z$1,0))="Consolidado")+--(INDEX(NORMATIVOS!$C$50:$Z$50,1,MATCH($B$3,NORMATIVOS!$C$1:$Z$1,0))="Consolidado")+--(INDEX(NORMATIVOS!$C$51:$Z$51,1,MATCH($B$3,NORMATIVOS!$C$1:$Z$1,0))="Consolidado")+--(INDEX(NORMATIVOS!$C$52:$Z$52,1,MATCH($B$3,NORMATIVOS!$C$1:$Z$1,0))="Consolidado")+--(INDEX(NORMATIVOS!$C$53:$Z$53,1,MATCH($B$3,NORMATIVOS!$C$1:$Z$1,0))="Consolidado")+--(INDEX(NORMATIVOS!$C$54:$Z$54,1,MATCH($B$3,NORMATIVOS!$C$1:$Z$1,0))="Consolidado")+--(INDEX(NORMATIVOS!$C$55:$Z$55,1,MATCH($B$3,NORMATIVOS!$C$1:$Z$1,0))="Consolidado")+--(INDEX(NORMATIVOS!$C$56:$Z$56,1,MATCH($B$3,NORMATIVOS!$C$1:$Z$1,0))="Consolidado")+--(INDEX(NORMATIVOS!$C$57:$Z$57,1,MATCH($B$3,NORMATIVOS!$C$1:$Z$1,0))="Consolidado")+--(INDEX(NORMATIVOS!$C$58:$Z$58,1,MATCH($B$3,NORMATIVOS!$C$1:$Z$1,0))="Consolidado")+--(INDEX(NORMATIVOS!$C$59:$Z$59,1,MATCH($B$3,NORMATIVOS!$C$1:$Z$1,0))="Consolidado")+--(INDEX(NORMATIVOS!$C$60:$Z$60,1,MATCH($B$3,NORMATIVOS!$C$1:$Z$1,0))="Consolidado")+--(INDEX(NORMATIVOS!$C$61:$Z$61,1,MATCH($B$3,NORMATIVOS!$C$1:$Z$1,0))="Consolidado")+--(INDEX(NORMATIVOS!$C$62:$Z$62,1,MATCH($B$3,NORMATIVOS!$C$1:$Z$1,0))="Consolidado")+--(INDEX(NORMATIVOS!$C$63:$Z$63,1,MATCH($B$3,NORMATIVOS!$C$1:$Z$1,0))="Consolidado")+--(INDEX(NORMATIVOS!$C$64:$Z$64,1,MATCH($B$3,NORMATIVOS!$C$1:$Z$1,0))="Consolidado") -> 13 | F10: =--(INDEX(NORMATIVOS!$C$49:$Z$49,1,MATCH($B$3,NORMATIVOS!$C$1:$Z$1,0))="En proceso")+--(INDEX(NORMATIVOS!$C$50:$Z$50,1,MATCH($B$3,NORMATIVOS!$C$1:$Z$1,0))="En proceso")+--(INDEX(NORMATIVOS!$C$51:$Z$51,1,MATCH($B$3,NORMATIVOS!$C$1:$Z$1,0))="En proceso")+--(INDEX(NORMATIVOS!$C$52:$Z$52,1,MATCH($B$3,NORMATIVOS!$C$1:$Z$1,0))="En proceso")+--(INDEX(NORMATIVOS!$C$53:$Z$53,1,MATCH($B$3,NORMATIVOS!$C$1:$Z$1,0))="En proceso")+--(INDEX(NORMATIVOS!$C$54:$Z$54,1,MATCH($B$3,NORMATIVOS!$C$1:$Z$1,0))="En proceso")+--(INDEX(NORMATIVOS!$C$55:$Z$55,1,MATCH($B$3,NORMATIVOS!$C$1:$Z$1,0))="En proceso")+--(INDEX(NORMATIVOS!$C$56:$Z$56,1,MATCH($B$3,NORMATIVOS!$C$1:$Z$1,0))="En proceso")+--(INDEX(NORMATIVOS!$C$57:$Z$57,1,MATCH($B$3,NORMATIVOS!$C$1:$Z$1,0))="En proceso")+--(INDEX(NORMATIVOS!$C$58:$Z$58,1,MATCH($B$3,NORMATIVOS!$C$1:$Z$1,0))="En proceso")+--(INDEX(NORMATIVOS!$C$59:$Z$59,1,MATCH($B$3,NORMATIVOS!$C$1:$Z$1,0))="En proceso")+--(INDEX(NORMATIVOS!$C$60:$Z$60,1,MATCH($B$3,NORMATIVOS!$C$1:$Z$1,0))="En proceso")+--(INDEX(NORMATIVOS!$C$61:$Z$61,1,MATCH($B$3,NORMATIVOS!$C$1:$Z$1,0))="En proceso")+--(INDEX(NORMATIVOS!$C$62:$Z$62,1,MATCH($B$3,NORMATIVOS!$C$1:$Z$1,0))="En proceso")+--(INDEX(NORMATIVOS!$C$63:$Z$63,1,MATCH($B$3,NORMATIVOS!$C$1:$Z$1,0))="En proceso")+--(INDEX(NORMATIVOS!$C$64:$Z$64,1,MATCH($B$3,NORMATIVOS!$C$1:$Z$1,0))="En proceso") -> 1 | G10: =--(INDEX(NORMATIVOS!$C$49:$Z$49,1,MATCH($B$3,NORMATIVOS!$C$1:$Z$1,0))="Proyección")+--(INDEX(NORMATIVOS!$C$50:$Z$50,1,MATCH($B$3,NORMATIVOS!$C$1:$Z$1,0))="Proyección")+--(INDEX(NORMATIVOS!$C$51:$Z$51,1,MATCH($B$3,NORMATIVOS!$C$1:$Z$1,0))="Proyección")+--(INDEX(NORMATIVOS!$C$52:$Z$52,1,MATCH($B$3,NORMATIVOS!$C$1:$Z$1,0))="Proyección")+--(INDEX(NORMATIVOS!$C$53:$Z$53,1,MATCH($B$3,NORMATIVOS!$C$1:$Z$1,0))="Proyección")+--(INDEX(NORMATIVOS!$C$54:$Z$54,1,MATCH($B$3,NORMATIVOS!$C$1:$Z$1,0))="Proyección")+--(INDEX(NORMATIVOS!$C$55:$Z$55,1,MATCH($B$3,NORMATIVOS!$C$1:$Z$1,0))="Proyección")+--(INDEX(NORMATIVOS!$C$56:$Z$56,1,MATCH($B$3,NORMATIVOS!$C$1:$Z$1,0))="Proyección")+--(INDEX(NORMATIVOS!$C$57:$Z$57,1,MATCH($B$3,NORMATIVOS!$C$1:$Z$1,0))="Proyección")+--(INDEX(NORMATIVOS!$C$58:$Z$58,1,MATCH($B$3,NORMATIVOS!$C$1:$Z$1,0))="Proyección")+--(INDEX(NORMATIVOS!$C$59:$Z$59,1,MATCH($B$3,NORMATIVOS!$C$1:$Z$1,0))="Proyección")+--(INDEX(NORMATIVOS!$C$60:$Z$60,1,MATCH($B$3,NORMATIVOS!$C$1:$Z$1,0))="Proyección")+--(INDEX(NORMATIVOS!$C$61:$Z$61,1,MATCH($B$3,NORMATIVOS!$C$1:$Z$1,0))="Proyección")+--(INDEX(NORMATIVOS!$C$62:$Z$62,1,MATCH($B$3,NORMATIVOS!$C$1:$Z$1,0))="Proyección")+--(INDEX(NORMATIVOS!$C$63:$Z$63,1,MATCH($B$3,NORMATIVOS!$C$1:$Z$1,0))="Proyección")+--(INDEX(NORMATIVOS!$C$64:$Z$64,1,MATCH($B$3,NORMATIVOS!$C$1:$Z$1,0))="Proyección") -> 2 | H10: =IFERROR(E10/(E10+F10+G10),0) -> 0.8125 | I10: =IF(F10>0,CATALOGOS!$H$4,IF(G10>0,CATALOGOS!$H$5,CATALOGOS!$H$3)) -> Mesociclo
A11: % dominio | B11: =INDEX(CONSOLIDADO!$G$4:$G$5,MATCH($B$3,CONSOLIDADO!$A$4:$A$5,0)) -> 0.43129771 | D11: CABALLO SIN ARZON | E11: =--(INDEX(NORMATIVOS!$C$65:$Z$65,1,MATCH($B$3,NORMATIVOS!$C$1:$Z$1,0))="Consolidado")+--(INDEX(NORMATIVOS!$C$66:$Z$66,1,MATCH($B$3,NORMATIVOS!$C$1:$Z$1,0))="Consolidado")+--(INDEX(NORMATIVOS!$C$67:$Z$67,1,MATCH($B$3,NORMATIVOS!$C$1:$Z$1,0))="Consolidado")+--(INDEX(NORMATIVOS!$C$68:$Z$68,1,MATCH($B$3,NORMATIVOS!$C$1:$Z$1,0))="Consolidado")+--(INDEX(NORMATIVOS!$C$69:$Z$69,1,MATCH($B$3,NORMATIVOS!$C$1:$Z$1,0))="Consolidado")+--(INDEX(NORMATIVOS!$C$70:$Z$70,1,MATCH($B$3,NORMATIVOS!$C$1:$Z$1,0))="Consolidado")+--(INDEX(NORMATIVOS!$C$71:$Z$71,1,MATCH($B$3,NORMATIVOS!$C$1:$Z$1,0))="Consolidado")+--(INDEX(NORMATIVOS!$C$72:$Z$72,1,MATCH($B$3,NORMATIVOS!$C$1:$Z$1,0))="Consolidado")+--(INDEX(NORMATIVOS!$C$73:$Z$73,1,MATCH($B$3,NORMATIVOS!$C$1:$Z$1,0))="Consolidado")+--(INDEX(NORMATIVOS!$C$74:$Z$74,1,MATCH($B$3,NORMATIVOS!$C$1:$Z$1,0))="Consolidado")+--(INDEX(NORMATIVOS!$C$75:$Z$75,1,MATCH($B$3,NORMATIVOS!$C$1:$Z$1,0))="Consolidado")+--(INDEX(NORMATIVOS!$C$76:$Z$76,1,MATCH($B$3,NORMATIVOS!$C$1:$Z$1,0))="Consolidado")+--(INDEX(NORMATIVOS!$C$77:$Z$77,1,MATCH($B$3,NORMATIVOS!$C$1:$Z$1,0))="Consolidado")+--(INDEX(NORMATIVOS!$C$78:$Z$78,1,MATCH($B$3,NORMATIVOS!$C$1:$Z$1,0))="Consolidado") -> 7 | F11: =--(INDEX(NORMATIVOS!$C$65:$Z$65,1,MATCH($B$3,NORMATIVOS!$C$1:$Z$1,0))="En proceso")+--(INDEX(NORMATIVOS!$C$66:$Z$66,1,MATCH($B$3,NORMATIVOS!$C$1:$Z$1,0))="En proceso")+--(INDEX(NORMATIVOS!$C$67:$Z$67,1,MATCH($B$3,NORMATIVOS!$C$1:$Z$1,0))="En proceso")+--(INDEX(NORMATIVOS!$C$68:$Z$68,1,MATCH($B$3,NORMATIVOS!$C$1:$Z$1,0))="En proceso")+--(INDEX(NORMATIVOS!$C$69:$Z$69,1,MATCH($B$3,NORMATIVOS!$C$1:$Z$1,0))="En proceso")+--(INDEX(NORMATIVOS!$C$70:$Z$70,1,MATCH($B$3,NORMATIVOS!$C$1:$Z$1,0))="En proceso")+--(INDEX(NORMATIVOS!$C$71:$Z$71,1,MATCH($B$3,NORMATIVOS!$C$1:$Z$1,0))="En proceso")+--(INDEX(NORMATIVOS!$C$72:$Z$72,1,MATCH($B$3,NORMATIVOS!$C$1:$Z$1,0))="En proceso")+--(INDEX(NORMATIVOS!$C$73:$Z$73,1,MATCH($B$3,NORMATIVOS!$C$1:$Z$1,0))="En proceso")+--(INDEX(NORMATIVOS!$C$74:$Z$74,1,MATCH($B$3,NORMATIVOS!$C$1:$Z$1,0))="En proceso")+--(INDEX(NORMATIVOS!$C$75:$Z$75,1,MATCH($B$3,NORMATIVOS!$C$1:$Z$1,0))="En proceso")+--(INDEX(NORMATIVOS!$C$76:$Z$76,1,MATCH($B$3,NORMATIVOS!$C$1:$Z$1,0))="En proceso")+--(INDEX(NORMATIVOS!$C$77:$Z$77,1,MATCH($B$3,NORMATIVOS!$C$1:$Z$1,0))="En proceso")+--(INDEX(NORMATIVOS!$C$78:$Z$78,1,MATCH($B$3,NORMATIVOS!$C$1:$Z$1,0))="En proceso") -> 4 | G11: =--(INDEX(NORMATIVOS!$C$65:$Z$65,1,MATCH($B$3,NORMATIVOS!$C$1:$Z$1,0))="Proyección")+--(INDEX(NORMATIVOS!$C$66:$Z$66,1,MATCH($B$3,NORMATIVOS!$C$1:$Z$1,0))="Proyección")+--(INDEX(NORMATIVOS!$C$67:$Z$67,1,MATCH($B$3,NORMATIVOS!$C$1:$Z$1,0))="Proyección")+--(INDEX(NORMATIVOS!$C$68:$Z$68,1,MATCH($B$3,NORMATIVOS!$C$1:$Z$1,0))="Proyección")+--(INDEX(NORMATIVOS!$C$69:$Z$69,1,MATCH($B$3,NORMATIVOS!$C$1:$Z$1,0))="Proyección")+--(INDEX(NORMATIVOS!$C$70:$Z$70,1,MATCH($B$3,NORMATIVOS!$C$1:$Z$1,0))="Proyección")+--(INDEX(NORMATIVOS!$C$71:$Z$71,1,MATCH($B$3,NORMATIVOS!$C$1:$Z$1,0))="Proyección")+--(INDEX(NORMATIVOS!$C$72:$Z$72,1,MATCH($B$3,NORMATIVOS!$C$1:$Z$1,0))="Proyección")+--(INDEX(NORMATIVOS!$C$73:$Z$73,1,MATCH($B$3,NORMATIVOS!$C$1:$Z$1,0))="Proyección")+--(INDEX(NORMATIVOS!$C$74:$Z$74,1,MATCH($B$3,NORMATIVOS!$C$1:$Z$1,0))="Proyección")+--(INDEX(NORMATIVOS!$C$75:$Z$75,1,MATCH($B$3,NORMATIVOS!$C$1:$Z$1,0))="Proyección")+--(INDEX(NORMATIVOS!$C$76:$Z$76,1,MATCH($B$3,NORMATIVOS!$C$1:$Z$1,0))="Proyección")+--(INDEX(NORMATIVOS!$C$77:$Z$77,1,MATCH($B$3,NORMATIVOS!$C$1:$Z$1,0))="Proyección")+--(INDEX(NORMATIVOS!$C$78:$Z$78,1,MATCH($B$3,NORMATIVOS!$C$1:$Z$1,0))="Proyección") -> 3 | H11: =IFERROR(E11/(E11+F11+G11),0) -> 0.5 | I11: =IF(F11>0,CATALOGOS!$H$4,IF(G11>0,CATALOGOS!$H$5,CATALOGOS!$H$3)) -> Mesociclo
D12: CABALLO CON ARZONES | E12: =--(INDEX(NORMATIVOS!$C$79:$Z$79,1,MATCH($B$3,NORMATIVOS!$C$1:$Z$1,0))="Consolidado")+--(INDEX(NORMATIVOS!$C$80:$Z$80,1,MATCH($B$3,NORMATIVOS!$C$1:$Z$1,0))="Consolidado")+--(INDEX(NORMATIVOS!$C$81:$Z$81,1,MATCH($B$3,NORMATIVOS!$C$1:$Z$1,0))="Consolidado")+--(INDEX(NORMATIVOS!$C$82:$Z$82,1,MATCH($B$3,NORMATIVOS!$C$1:$Z$1,0))="Consolidado")+--(INDEX(NORMATIVOS!$C$83:$Z$83,1,MATCH($B$3,NORMATIVOS!$C$1:$Z$1,0))="Consolidado")+--(INDEX(NORMATIVOS!$C$84:$Z$84,1,MATCH($B$3,NORMATIVOS!$C$1:$Z$1,0))="Consolidado")+--(INDEX(NORMATIVOS!$C$85:$Z$85,1,MATCH($B$3,NORMATIVOS!$C$1:$Z$1,0))="Consolidado")+--(INDEX(NORMATIVOS!$C$86:$Z$86,1,MATCH($B$3,NORMATIVOS!$C$1:$Z$1,0))="Consolidado")+--(INDEX(NORMATIVOS!$C$87:$Z$87,1,MATCH($B$3,NORMATIVOS!$C$1:$Z$1,0))="Consolidado")+--(INDEX(NORMATIVOS!$C$88:$Z$88,1,MATCH($B$3,NORMATIVOS!$C$1:$Z$1,0))="Consolidado")+--(INDEX(NORMATIVOS!$C$89:$Z$89,1,MATCH($B$3,NORMATIVOS!$C$1:$Z$1,0))="Consolidado")+--(INDEX(NORMATIVOS!$C$90:$Z$90,1,MATCH($B$3,NORMATIVOS!$C$1:$Z$1,0))="Consolidado")+--(INDEX(NORMATIVOS!$C$91:$Z$91,1,MATCH($B$3,NORMATIVOS!$C$1:$Z$1,0))="Consolidado")+--(INDEX(NORMATIVOS!$C$92:$Z$92,1,MATCH($B$3,NORMATIVOS!$C$1:$Z$1,0))="Consolidado")+--(INDEX(NORMATIVOS!$C$93:$Z$93,1,MATCH($B$3,NORMATIVOS!$C$1:$Z$1,0))="Consolidado")+--(INDEX(NORMATIVOS!$C$94:$Z$94,1,MATCH($B$3,NORMATIVOS!$C$1:$Z$1,0))="Consolidado")+--(INDEX(NORMATIVOS!$C$95:$Z$95,1,MATCH($B$3,NORMATIVOS!$C$1:$Z$1,0))="Consolidado")+--(INDEX(NORMATIVOS!$C$96:$Z$96,1,MATCH($B$3,NORMATIVOS!$C$1:$Z$1,0))="Consolidado")+--(INDEX(NORMATIVOS!$C$97:$Z$97,1,MATCH($B$3,NORMATIVOS!$C$1:$Z$1,0))="Consolidado")+--(INDEX(NORMATIVOS!$C$98:$Z$98,1,MATCH($B$3,NORMATIVOS!$C$1:$Z$1,0))="Consolidado")+--(INDEX(NORMATIVOS!$C$99:$Z$99,1,MATCH($B$3,NORMATIVOS!$C$1:$Z$1,0))="Consolidado")+--(INDEX(NORMATIVOS!$C$100:$Z$100,1,MATCH($B$3,NORMATIVOS!$C$1:$Z$1,0))="Consolidado")+--(INDEX(NORMATIVOS!$C$101:$Z$101,1,MATCH($B$3,NORMATIVOS!$C$1:$Z$1,0))="Consolidado")+--(INDEX(NORMATIVOS!$C$102:$Z$102,1,MATCH($B$3,NORMATIVOS!$C$1:$Z$1,0))="Consolidado")+--(INDEX(NORMATIVOS!$C$103:$Z$103,1,MATCH($B$3,NORMATIVOS!$C$1:$Z$1,0))="Consolidado")+--(INDEX(NORMATIVOS!$C$104:$Z$104,1,MATCH($B$3,NORMATIVOS!$C$1:$Z$1,0))="Consolidado") -> 3 | F12: =--(INDEX(NORMATIVOS!$C$79:$Z$79,1,MATCH($B$3,NORMATIVOS!$C$1:$Z$1,0))="En proceso")+--(INDEX(NORMATIVOS!$C$80:$Z$80,1,MATCH($B$3,NORMATIVOS!$C$1:$Z$1,0))="En proceso")+--(INDEX(NORMATIVOS!$C$81:$Z$81,1,MATCH($B$3,NORMATIVOS!$C$1:$Z$1,0))="En proceso")+--(INDEX(NORMATIVOS!$C$82:$Z$82,1,MATCH($B$3,NORMATIVOS!$C$1:$Z$1,0))="En proceso")+--(INDEX(NORMATIVOS!$C$83:$Z$83,1,MATCH($B$3,NORMATIVOS!$C$1:$Z$1,0))="En proceso")+--(INDEX(NORMATIVOS!$C$84:$Z$84,1,MATCH($B$3,NORMATIVOS!$C$1:$Z$1,0))="En proceso")+--(INDEX(NORMATIVOS!$C$85:$Z$85,1,MATCH($B$3,NORMATIVOS!$C$1:$Z$1,0))="En proceso")+--(INDEX(NORMATIVOS!$C$86:$Z$86,1,MATCH($B$3,NORMATIVOS!$C$1:$Z$1,0))="En proceso")+--(INDEX(NORMATIVOS!$C$87:$Z$87,1,MATCH($B$3,NORMATIVOS!$C$1:$Z$1,0))="En proceso")+--(INDEX(NORMATIVOS!$C$88:$Z$88,1,MATCH($B$3,NORMATIVOS!$C$1:$Z$1,0))="En proceso")+--(INDEX(NORMATIVOS!$C$89:$Z$89,1,MATCH($B$3,NORMATIVOS!$C$1:$Z$1,0))="En proceso")+--(INDEX(NORMATIVOS!$C$90:$Z$90,1,MATCH($B$3,NORMATIVOS!$C$1:$Z$1,0))="En proceso")+--(INDEX(NORMATIVOS!$C$91:$Z$91,1,MATCH($B$3,NORMATIVOS!$C$1:$Z$1,0))="En proceso")+--(INDEX(NORMATIVOS!$C$92:$Z$92,1,MATCH($B$3,NORMATIVOS!$C$1:$Z$1,0))="En proceso")+--(INDEX(NORMATIVOS!$C$93:$Z$93,1,MATCH($B$3,NORMATIVOS!$C$1:$Z$1,0))="En proceso")+--(INDEX(NORMATIVOS!$C$94:$Z$94,1,MATCH($B$3,NORMATIVOS!$C$1:$Z$1,0))="En proceso")+--(INDEX(NORMATIVOS!$C$95:$Z$95,1,MATCH($B$3,NORMATIVOS!$C$1:$Z$1,0))="En proceso")+--(INDEX(NORMATIVOS!$C$96:$Z$96,1,MATCH($B$3,NORMATIVOS!$C$1:$Z$1,0))="En proceso")+--(INDEX(NORMATIVOS!$C$97:$Z$97,1,MATCH($B$3,NORMATIVOS!$C$1:$Z$1,0))="En proceso")+--(INDEX(NORMATIVOS!$C$98:$Z$98,1,MATCH($B$3,NORMATIVOS!$C$1:$Z$1,0))="En proceso")+--(INDEX(NORMATIVOS!$C$99:$Z$99,1,MATCH($B$3,NORMATIVOS!$C$1:$Z$1,0))="En proceso")+--(INDEX(NORMATIVOS!$C$100:$Z$100,1,MATCH($B$3,NORMATIVOS!$C$1:$Z$1,0))="En proceso")+--(INDEX(NORMATIVOS!$C$101:$Z$101,1,MATCH($B$3,NORMATIVOS!$C$1:$Z$1,0))="En proceso")+--(INDEX(NORMATIVOS!$C$102:$Z$102,1,MATCH($B$3,NORMATIVOS!$C$1:$Z$1,0))="En proceso")+--(INDEX(NORMATIVOS!$C$103:$Z$103,1,MATCH($B$3,NORMATIVOS!$C$1:$Z$1,0))="En proceso")+--(INDEX(NORMATIVOS!$C$104:$Z$104,1,MATCH($B$3,NORMATIVOS!$C$1:$Z$1,0))="En proceso") -> 2 | G12: =--(INDEX(NORMATIVOS!$C$79:$Z$79,1,MATCH($B$3,NORMATIVOS!$C$1:$Z$1,0))="Proyección")+--(INDEX(NORMATIVOS!$C$80:$Z$80,1,MATCH($B$3,NORMATIVOS!$C$1:$Z$1,0))="Proyección")+--(INDEX(NORMATIVOS!$C$81:$Z$81,1,MATCH($B$3,NORMATIVOS!$C$1:$Z$1,0))="Proyección")+--(INDEX(NORMATIVOS!$C$82:$Z$82,1,MATCH($B$3,NORMATIVOS!$C$1:$Z$1,0))="Proyección")+--(INDEX(NORMATIVOS!$C$83:$Z$83,1,MATCH($B$3,NORMATIVOS!$C$1:$Z$1,0))="Proyección")+--(INDEX(NORMATIVOS!$C$84:$Z$84,1,MATCH($B$3,NORMATIVOS!$C$1:$Z$1,0))="Proyección")+--(INDEX(NORMATIVOS!$C$85:$Z$85,1,MATCH($B$3,NORMATIVOS!$C$1:$Z$1,0))="Proyección")+--(INDEX(NORMATIVOS!$C$86:$Z$86,1,MATCH($B$3,NORMATIVOS!$C$1:$Z$1,0))="Proyección")+--(INDEX(NORMATIVOS!$C$87:$Z$87,1,MATCH($B$3,NORMATIVOS!$C$1:$Z$1,0))="Proyección")+--(INDEX(NORMATIVOS!$C$88:$Z$88,1,MATCH($B$3,NORMATIVOS!$C$1:$Z$1,0))="Proyección")+--(INDEX(NORMATIVOS!$C$89:$Z$89,1,MATCH($B$3,NORMATIVOS!$C$1:$Z$1,0))="Proyección")+--(INDEX(NORMATIVOS!$C$90:$Z$90,1,MATCH($B$3,NORMATIVOS!$C$1:$Z$1,0))="Proyección")+--(INDEX(NORMATIVOS!$C$91:$Z$91,1,MATCH($B$3,NORMATIVOS!$C$1:$Z$1,0))="Proyección")+--(INDEX(NORMATIVOS!$C$92:$Z$92,1,MATCH($B$3,NORMATIVOS!$C$1:$Z$1,0))="Proyección")+--(INDEX(NORMATIVOS!$C$93:$Z$93,1,MATCH($B$3,NORMATIVOS!$C$1:$Z$1,0))="Proyección")+--(INDEX(NORMATIVOS!$C$94:$Z$94,1,MATCH($B$3,NORMATIVOS!$C$1:$Z$1,0))="Proyección")+--(INDEX(NORMATIVOS!$C$95:$Z$95,1,MATCH($B$3,NORMATIVOS!$C$1:$Z$1,0))="Proyección")+--(INDEX(NORMATIVOS!$C$96:$Z$96,1,MATCH($B$3,NORMATIVOS!$C$1:$Z$1,0))="Proyección")+--(INDEX(NORMATIVOS!$C$97:$Z$97,1,MATCH($B$3,NORMATIVOS!$C$1:$Z$1,0))="Proyección")+--(INDEX(NORMATIVOS!$C$98:$Z$98,1,MATCH($B$3,NORMATIVOS!$C$1:$Z$1,0))="Proyección")+--(INDEX(NORMATIVOS!$C$99:$Z$99,1,MATCH($B$3,NORMATIVOS!$C$1:$Z$1,0))="Proyección")+--(INDEX(NORMATIVOS!$C$100:$Z$100,1,MATCH($B$3,NORMATIVOS!$C$1:$Z$1,0))="Proyección")+--(INDEX(NORMATIVOS!$C$101:$Z$101,1,MATCH($B$3,NORMATIVOS!$C$1:$Z$1,0))="Proyección")+--(INDEX(NORMATIVOS!$C$102:$Z$102,1,MATCH($B$3,NORMATIVOS!$C$1:$Z$1,0))="Proyección")+--(INDEX(NORMATIVOS!$C$103:$Z$103,1,MATCH($B$3,NORMATIVOS!$C$1:$Z$1,0))="Proyección")+--(INDEX(NORMATIVOS!$C$104:$Z$104,1,MATCH($B$3,NORMATIVOS!$C$1:$Z$1,0))="Proyección") -> 21 | H12: =IFERROR(E12/(E12+F12+G12),0) -> 0.11538462 | I12: =IF(F12>0,CATALOGOS!$H$4,IF(G12>0,CATALOGOS!$H$5,CATALOGOS!$H$3)) -> Mesociclo
A13: CICLOS DE CARGA | B13: Elementos | D13: ELEMENTOS DE FUERZA | E13: =--(INDEX(NORMATIVOS!$C$107:$Z$107,1,MATCH($B$3,NORMATIVOS!$C$1:$Z$1,0))="Consolidado")+--(INDEX(NORMATIVOS!$C$108:$Z$108,1,MATCH($B$3,NORMATIVOS!$C$1:$Z$1,0))="Consolidado")+--(INDEX(NORMATIVOS!$C$109:$Z$109,1,MATCH($B$3,NORMATIVOS!$C$1:$Z$1,0))="Consolidado")+--(INDEX(NORMATIVOS!$C$110:$Z$110,1,MATCH($B$3,NORMATIVOS!$C$1:$Z$1,0))="Consolidado")+--(INDEX(NORMATIVOS!$C$111:$Z$111,1,MATCH($B$3,NORMATIVOS!$C$1:$Z$1,0))="Consolidado")+--(INDEX(NORMATIVOS!$C$112:$Z$112,1,MATCH($B$3,NORMATIVOS!$C$1:$Z$1,0))="Consolidado")+--(INDEX(NORMATIVOS!$C$113:$Z$113,1,MATCH($B$3,NORMATIVOS!$C$1:$Z$1,0))="Consolidado")+--(INDEX(NORMATIVOS!$C$114:$Z$114,1,MATCH($B$3,NORMATIVOS!$C$1:$Z$1,0))="Consolidado")+--(INDEX(NORMATIVOS!$C$115:$Z$115,1,MATCH($B$3,NORMATIVOS!$C$1:$Z$1,0))="Consolidado")+--(INDEX(NORMATIVOS!$C$116:$Z$116,1,MATCH($B$3,NORMATIVOS!$C$1:$Z$1,0))="Consolidado")+--(INDEX(NORMATIVOS!$C$117:$Z$117,1,MATCH($B$3,NORMATIVOS!$C$1:$Z$1,0))="Consolidado")+--(INDEX(NORMATIVOS!$C$118:$Z$118,1,MATCH($B$3,NORMATIVOS!$C$1:$Z$1,0))="Consolidado")+--(INDEX(NORMATIVOS!$C$119:$Z$119,1,MATCH($B$3,NORMATIVOS!$C$1:$Z$1,0))="Consolidado")+--(INDEX(NORMATIVOS!$C$120:$Z$120,1,MATCH($B$3,NORMATIVOS!$C$1:$Z$1,0))="Consolidado")+--(INDEX(NORMATIVOS!$C$121:$Z$121,1,MATCH($B$3,NORMATIVOS!$C$1:$Z$1,0))="Consolidado") -> 9 | F13: =--(INDEX(NORMATIVOS!$C$107:$Z$107,1,MATCH($B$3,NORMATIVOS!$C$1:$Z$1,0))="En proceso")+--(INDEX(NORMATIVOS!$C$108:$Z$108,1,MATCH($B$3,NORMATIVOS!$C$1:$Z$1,0))="En proceso")+--(INDEX(NORMATIVOS!$C$109:$Z$109,1,MATCH($B$3,NORMATIVOS!$C$1:$Z$1,0))="En proceso")+--(INDEX(NORMATIVOS!$C$110:$Z$110,1,MATCH($B$3,NORMATIVOS!$C$1:$Z$1,0))="En proceso")+--(INDEX(NORMATIVOS!$C$111:$Z$111,1,MATCH($B$3,NORMATIVOS!$C$1:$Z$1,0))="En proceso")+--(INDEX(NORMATIVOS!$C$112:$Z$112,1,MATCH($B$3,NORMATIVOS!$C$1:$Z$1,0))="En proceso")+--(INDEX(NORMATIVOS!$C$113:$Z$113,1,MATCH($B$3,NORMATIVOS!$C$1:$Z$1,0))="En proceso")+--(INDEX(NORMATIVOS!$C$114:$Z$114,1,MATCH($B$3,NORMATIVOS!$C$1:$Z$1,0))="En proceso")+--(INDEX(NORMATIVOS!$C$115:$Z$115,1,MATCH($B$3,NORMATIVOS!$C$1:$Z$1,0))="En proceso")+--(INDEX(NORMATIVOS!$C$116:$Z$116,1,MATCH($B$3,NORMATIVOS!$C$1:$Z$1,0))="En proceso")+--(INDEX(NORMATIVOS!$C$117:$Z$117,1,MATCH($B$3,NORMATIVOS!$C$1:$Z$1,0))="En proceso")+--(INDEX(NORMATIVOS!$C$118:$Z$118,1,MATCH($B$3,NORMATIVOS!$C$1:$Z$1,0))="En proceso")+--(INDEX(NORMATIVOS!$C$119:$Z$119,1,MATCH($B$3,NORMATIVOS!$C$1:$Z$1,0))="En proceso")+--(INDEX(NORMATIVOS!$C$120:$Z$120,1,MATCH($B$3,NORMATIVOS!$C$1:$Z$1,0))="En proceso")+--(INDEX(NORMATIVOS!$C$121:$Z$121,1,MATCH($B$3,NORMATIVOS!$C$1:$Z$1,0))="En proceso") -> 3 | G13: =--(INDEX(NORMATIVOS!$C$107:$Z$107,1,MATCH($B$3,NORMATIVOS!$C$1:$Z$1,0))="Proyección")+--(INDEX(NORMATIVOS!$C$108:$Z$108,1,MATCH($B$3,NORMATIVOS!$C$1:$Z$1,0))="Proyección")+--(INDEX(NORMATIVOS!$C$109:$Z$109,1,MATCH($B$3,NORMATIVOS!$C$1:$Z$1,0))="Proyección")+--(INDEX(NORMATIVOS!$C$110:$Z$110,1,MATCH($B$3,NORMATIVOS!$C$1:$Z$1,0))="Proyección")+--(INDEX(NORMATIVOS!$C$111:$Z$111,1,MATCH($B$3,NORMATIVOS!$C$1:$Z$1,0))="Proyección")+--(INDEX(NORMATIVOS!$C$112:$Z$112,1,MATCH($B$3,NORMATIVOS!$C$1:$Z$1,0))="Proyección")+--(INDEX(NORMATIVOS!$C$113:$Z$113,1,MATCH($B$3,NORMATIVOS!$C$1:$Z$1,0))="Proyección")+--(INDEX(NORMATIVOS!$C$114:$Z$114,1,MATCH($B$3,NORMATIVOS!$C$1:$Z$1,0))="Proyección")+--(INDEX(NORMATIVOS!$C$115:$Z$115,1,MATCH($B$3,NORMATIVOS!$C$1:$Z$1,0))="Proyección")+--(INDEX(NORMATIVOS!$C$116:$Z$116,1,MATCH($B$3,NORMATIVOS!$C$1:$Z$1,0))="Proyección")+--(INDEX(NORMATIVOS!$C$117:$Z$117,1,MATCH($B$3,NORMATIVOS!$C$1:$Z$1,0))="Proyección")+--(INDEX(NORMATIVOS!$C$118:$Z$118,1,MATCH($B$3,NORMATIVOS!$C$1:$Z$1,0))="Proyección")+--(INDEX(NORMATIVOS!$C$119:$Z$119,1,MATCH($B$3,NORMATIVOS!$C$1:$Z$1,0))="Proyección")+--(INDEX(NORMATIVOS!$C$120:$Z$120,1,MATCH($B$3,NORMATIVOS!$C$1:$Z$1,0))="Proyección")+--(INDEX(NORMATIVOS!$C$121:$Z$121,1,MATCH($B$3,NORMATIVOS!$C$1:$Z$1,0))="Proyección") -> 3 | H13: =IFERROR(E13/(E13+F13+G13),0) -> 0.6 | I13: =IF(F13>0,CATALOGOS!$H$4,IF(G13>0,CATALOGOS!$H$5,CATALOGOS!$H$3)) -> Mesociclo
A14: =CATALOGOS!H3&" – "&CATALOGOS!I3 -> Microciclo – Mantener / perfeccionar | B14: =COUNTIF($C$27:$C$290,CATALOGOS!G3) -> 113 | D14: ELEMENTOS DE VUELO | E14: =--(INDEX(NORMATIVOS!$C$122:$Z$122,1,MATCH($B$3,NORMATIVOS!$C$1:$Z$1,0))="Consolidado")+--(INDEX(NORMATIVOS!$C$123:$Z$123,1,MATCH($B$3,NORMATIVOS!$C$1:$Z$1,0))="Consolidado")+--(INDEX(NORMATIVOS!$C$124:$Z$124,1,MATCH($B$3,NORMATIVOS!$C$1:$Z$1,0))="Consolidado")+--(INDEX(NORMATIVOS!$C$125:$Z$125,1,MATCH($B$3,NORMATIVOS!$C$1:$Z$1,0))="Consolidado")+--(INDEX(NORMATIVOS!$C$126:$Z$126,1,MATCH($B$3,NORMATIVOS!$C$1:$Z$1,0))="Consolidado")+--(INDEX(NORMATIVOS!$C$127:$Z$127,1,MATCH($B$3,NORMATIVOS!$C$1:$Z$1,0))="Consolidado")+--(INDEX(NORMATIVOS!$C$128:$Z$128,1,MATCH($B$3,NORMATIVOS!$C$1:$Z$1,0))="Consolidado")+--(INDEX(NORMATIVOS!$C$129:$Z$129,1,MATCH($B$3,NORMATIVOS!$C$1:$Z$1,0))="Consolidado")+--(INDEX(NORMATIVOS!$C$130:$Z$130,1,MATCH($B$3,NORMATIVOS!$C$1:$Z$1,0))="Consolidado")+--(INDEX(NORMATIVOS!$C$131:$Z$131,1,MATCH($B$3,NORMATIVOS!$C$1:$Z$1,0))="Consolidado")+--(INDEX(NORMATIVOS!$C$132:$Z$132,1,MATCH($B$3,NORMATIVOS!$C$1:$Z$1,0))="Consolidado")+--(INDEX(NORMATIVOS!$C$133:$Z$133,1,MATCH($B$3,NORMATIVOS!$C$1:$Z$1,0))="Consolidado")+--(INDEX(NORMATIVOS!$C$134:$Z$134,1,MATCH($B$3,NORMATIVOS!$C$1:$Z$1,0))="Consolidado")+--(INDEX(NORMATIVOS!$C$135:$Z$135,1,MATCH($B$3,NORMATIVOS!$C$1:$Z$1,0))="Consolidado")+--(INDEX(NORMATIVOS!$C$136:$Z$136,1,MATCH($B$3,NORMATIVOS!$C$1:$Z$1,0))="Consolidado")+--(INDEX(NORMATIVOS!$C$137:$Z$137,1,MATCH($B$3,NORMATIVOS!$C$1:$Z$1,0))="Consolidado")+--(INDEX(NORMATIVOS!$C$138:$Z$138,1,MATCH($B$3,NORMATIVOS!$C$1:$Z$1,0))="Consolidado")+--(INDEX(NORMATIVOS!$C$139:$Z$139,1,MATCH($B$3,NORMATIVOS!$C$1:$Z$1,0))="Consolidado")+--(INDEX(NORMATIVOS!$C$140:$Z$140,1,MATCH($B$3,NORMATIVOS!$C$1:$Z$1,0))="Consolidado")+--(INDEX(NORMATIVOS!$C$141:$Z$141,1,MATCH($B$3,NORMATIVOS!$C$1:$Z$1,0))="Consolidado") -> 5 | F14: =--(INDEX(NORMATIVOS!$C$122:$Z$122,1,MATCH($B$3,NORMATIVOS!$C$1:$Z$1,0))="En proceso")+--(INDEX(NORMATIVOS!$C$123:$Z$123,1,MATCH($B$3,NORMATIVOS!$C$1:$Z$1,0))="En proceso")+--(INDEX(NORMATIVOS!$C$124:$Z$124,1,MATCH($B$3,NORMATIVOS!$C$1:$Z$1,0))="En proceso")+--(INDEX(NORMATIVOS!$C$125:$Z$125,1,MATCH($B$3,NORMATIVOS!$C$1:$Z$1,0))="En proceso")+--(INDEX(NORMATIVOS!$C$126:$Z$126,1,MATCH($B$3,NORMATIVOS!$C$1:$Z$1,0))="En proceso")+--(INDEX(NORMATIVOS!$C$127:$Z$127,1,MATCH($B$3,NORMATIVOS!$C$1:$Z$1,0))="En proceso")+--(INDEX(NORMATIVOS!$C$128:$Z$128,1,MATCH($B$3,NORMATIVOS!$C$1:$Z$1,0))="En proceso")+--(INDEX(NORMATIVOS!$C$129:$Z$129,1,MATCH($B$3,NORMATIVOS!$C$1:$Z$1,0))="En proceso")+--(INDEX(NORMATIVOS!$C$130:$Z$130,1,MATCH($B$3,NORMATIVOS!$C$1:$Z$1,0))="En proceso")+--(INDEX(NORMATIVOS!$C$131:$Z$131,1,MATCH($B$3,NORMATIVOS!$C$1:$Z$1,0))="En proceso")+--(INDEX(NORMATIVOS!$C$132:$Z$132,1,MATCH($B$3,NORMATIVOS!$C$1:$Z$1,0))="En proceso")+--(INDEX(NORMATIVOS!$C$133:$Z$133,1,MATCH($B$3,NORMATIVOS!$C$1:$Z$1,0))="En proceso")+--(INDEX(NORMATIVOS!$C$134:$Z$134,1,MATCH($B$3,NORMATIVOS!$C$1:$Z$1,0))="En proceso")+--(INDEX(NORMATIVOS!$C$135:$Z$135,1,MATCH($B$3,NORMATIVOS!$C$1:$Z$1,0))="En proceso")+--(INDEX(NORMATIVOS!$C$136:$Z$136,1,MATCH($B$3,NORMATIVOS!$C$1:$Z$1,0))="En proceso")+--(INDEX(NORMATIVOS!$C$137:$Z$137,1,MATCH($B$3,NORMATIVOS!$C$1:$Z$1,0))="En proceso")+--(INDEX(NORMATIVOS!$C$138:$Z$138,1,MATCH($B$3,NORMATIVOS!$C$1:$Z$1,0))="En proceso")+--(INDEX(NORMATIVOS!$C$139:$Z$139,1,MATCH($B$3,NORMATIVOS!$C$1:$Z$1,0))="En proceso")+--(INDEX(NORMATIVOS!$C$140:$Z$140,1,MATCH($B$3,NORMATIVOS!$C$1:$Z$1,0))="En proceso")+--(INDEX(NORMATIVOS!$C$141:$Z$141,1,MATCH($B$3,NORMATIVOS!$C$1:$Z$1,0))="En proceso") -> 8 | G14: =--(INDEX(NORMATIVOS!$C$122:$Z$122,1,MATCH($B$3,NORMATIVOS!$C$1:$Z$1,0))="Proyección")+--(INDEX(NORMATIVOS!$C$123:$Z$123,1,MATCH($B$3,NORMATIVOS!$C$1:$Z$1,0))="Proyección")+--(INDEX(NORMATIVOS!$C$124:$Z$124,1,MATCH($B$3,NORMATIVOS!$C$1:$Z$1,0))="Proyección")+--(INDEX(NORMATIVOS!$C$125:$Z$125,1,MATCH($B$3,NORMATIVOS!$C$1:$Z$1,0))="Proyección")+--(INDEX(NORMATIVOS!$C$126:$Z$126,1,MATCH($B$3,NORMATIVOS!$C$1:$Z$1,0))="Proyección")+--(INDEX(NORMATIVOS!$C$127:$Z$127,1,MATCH($B$3,NORMATIVOS!$C$1:$Z$1,0))="Proyección")+--(INDEX(NORMATIVOS!$C$128:$Z$128,1,MATCH($B$3,NORMATIVOS!$C$1:$Z$1,0))="Proyección")+--(INDEX(NORMATIVOS!$C$129:$Z$129,1,MATCH($B$3,NORMATIVOS!$C$1:$Z$1,0))="Proyección")+--(INDEX(NORMATIVOS!$C$130:$Z$130,1,MATCH($B$3,NORMATIVOS!$C$1:$Z$1,0))="Proyección")+--(INDEX(NORMATIVOS!$C$131:$Z$131,1,MATCH($B$3,NORMATIVOS!$C$1:$Z$1,0))="Proyección")+--(INDEX(NORMATIVOS!$C$132:$Z$132,1,MATCH($B$3,NORMATIVOS!$C$1:$Z$1,0))="Proyección")+--(INDEX(NORMATIVOS!$C$133:$Z$133,1,MATCH($B$3,NORMATIVOS!$C$1:$Z$1,0))="Proyección")+--(INDEX(NORMATIVOS!$C$134:$Z$134,1,MATCH($B$3,NORMATIVOS!$C$1:$Z$1,0))="Proyección")+--(INDEX(NORMATIVOS!$C$135:$Z$135,1,MATCH($B$3,NORMATIVOS!$C$1:$Z$1,0))="Proyección")+--(INDEX(NORMATIVOS!$C$136:$Z$136,1,MATCH($B$3,NORMATIVOS!$C$1:$Z$1,0))="Proyección")+--(INDEX(NORMATIVOS!$C$137:$Z$137,1,MATCH($B$3,NORMATIVOS!$C$1:$Z$1,0))="Proyección")+--(INDEX(NORMATIVOS!$C$138:$Z$138,1,MATCH($B$3,NORMATIVOS!$C$1:$Z$1,0))="Proyección")+--(INDEX(NORMATIVOS!$C$139:$Z$139,1,MATCH($B$3,NORMATIVOS!$C$1:$Z$1,0))="Proyección")+--(INDEX(NORMATIVOS!$C$140:$Z$140,1,MATCH($B$3,NORMATIVOS!$C$1:$Z$1,0))="Proyección")+--(INDEX(NORMATIVOS!$C$141:$Z$141,1,MATCH($B$3,NORMATIVOS!$C$1:$Z$1,0))="Proyección") -> 7 | H14: =IFERROR(E14/(E14+F14+G14),0) -> 0.25 | I14: =IF(F14>0,CATALOGOS!$H$4,IF(G14>0,CATALOGOS!$H$5,CATALOGOS!$H$3)) -> Mesociclo
A15: =CATALOGOS!H4&" – "&CATALOGOS!I4 -> Mesociclo – Desarrollar / consolidar | B15: =COUNTIF($C$27:$C$290,CATALOGOS!G4) -> 49 | D15: ACCIONES SIN TABLA DE SALTO | E15: =--(INDEX(NORMATIVOS!$C$144:$Z$144,1,MATCH($B$3,NORMATIVOS!$C$1:$Z$1,0))="Consolidado")+--(INDEX(NORMATIVOS!$C$145:$Z$145,1,MATCH($B$3,NORMATIVOS!$C$1:$Z$1,0))="Consolidado")+--(INDEX(NORMATIVOS!$C$146:$Z$146,1,MATCH($B$3,NORMATIVOS!$C$1:$Z$1,0))="Consolidado")+--(INDEX(NORMATIVOS!$C$147:$Z$147,1,MATCH($B$3,NORMATIVOS!$C$1:$Z$1,0))="Consolidado")+--(INDEX(NORMATIVOS!$C$148:$Z$148,1,MATCH($B$3,NORMATIVOS!$C$1:$Z$1,0))="Consolidado")+--(INDEX(NORMATIVOS!$C$149:$Z$149,1,MATCH($B$3,NORMATIVOS!$C$1:$Z$1,0))="Consolidado")+--(INDEX(NORMATIVOS!$C$150:$Z$150,1,MATCH($B$3,NORMATIVOS!$C$1:$Z$1,0))="Consolidado") -> 7 | F15: =--(INDEX(NORMATIVOS!$C$144:$Z$144,1,MATCH($B$3,NORMATIVOS!$C$1:$Z$1,0))="En proceso")+--(INDEX(NORMATIVOS!$C$145:$Z$145,1,MATCH($B$3,NORMATIVOS!$C$1:$Z$1,0))="En proceso")+--(INDEX(NORMATIVOS!$C$146:$Z$146,1,MATCH($B$3,NORMATIVOS!$C$1:$Z$1,0))="En proceso")+--(INDEX(NORMATIVOS!$C$147:$Z$147,1,MATCH($B$3,NORMATIVOS!$C$1:$Z$1,0))="En proceso")+--(INDEX(NORMATIVOS!$C$148:$Z$148,1,MATCH($B$3,NORMATIVOS!$C$1:$Z$1,0))="En proceso")+--(INDEX(NORMATIVOS!$C$149:$Z$149,1,MATCH($B$3,NORMATIVOS!$C$1:$Z$1,0))="En proceso")+--(INDEX(NORMATIVOS!$C$150:$Z$150,1,MATCH($B$3,NORMATIVOS!$C$1:$Z$1,0))="En proceso") -> 0 | G15: =--(INDEX(NORMATIVOS!$C$144:$Z$144,1,MATCH($B$3,NORMATIVOS!$C$1:$Z$1,0))="Proyección")+--(INDEX(NORMATIVOS!$C$145:$Z$145,1,MATCH($B$3,NORMATIVOS!$C$1:$Z$1,0))="Proyección")+--(INDEX(NORMATIVOS!$C$146:$Z$146,1,MATCH($B$3,NORMATIVOS!$C$1:$Z$1,0))="Proyección")+--(INDEX(NORMATIVOS!$C$147:$Z$147,1,MATCH($B$3,NORMATIVOS!$C$1:$Z$1,0))="Proyección")+--(INDEX(NORMATIVOS!$C$148:$Z$148,1,MATCH($B$3,NORMATIVOS!$C$1:$Z$1,0))="Proyección")+--(INDEX(NORMATIVOS!$C$149:$Z$149,1,MATCH($B$3,NORMATIVOS!$C$1:$Z$1,0))="Proyección")+--(INDEX(NORMATIVOS!$C$150:$Z$150,1,MATCH($B$3,NORMATIVOS!$C$1:$Z$1,0))="Proyección") -> 0 | H15: =IFERROR(E15/(E15+F15+G15),0) -> 1 | I15: =IF(F15>0,CATALOGOS!$H$4,IF(G15>0,CATALOGOS!$H$5,CATALOGOS!$H$3)) -> Microciclo
A16: =CATALOGOS!H5&" – "&CATALOGOS!I5 -> Macrociclo – Iniciar / aprender | B16: =COUNTIF($C$27:$C$290,CATALOGOS!G5) -> 100 | D16: SALTOS | E16: =--(INDEX(NORMATIVOS!$C$151:$Z$151,1,MATCH($B$3,NORMATIVOS!$C$1:$Z$1,0))="Consolidado")+--(INDEX(NORMATIVOS!$C$152:$Z$152,1,MATCH($B$3,NORMATIVOS!$C$1:$Z$1,0))="Consolidado")+--(INDEX(NORMATIVOS!$C$153:$Z$153,1,MATCH($B$3,NORMATIVOS!$C$1:$Z$1,0))="Consolidado")+--(INDEX(NORMATIVOS!$C$154:$Z$154,1,MATCH($B$3,NORMATIVOS!$C$1:$Z$1,0))="Consolidado")+--(INDEX(NORMATIVOS!$C$155:$Z$155,1,MATCH($B$3,NORMATIVOS!$C$1:$Z$1,0))="Consolidado")+--(INDEX(NORMATIVOS!$C$156:$Z$156,1,MATCH($B$3,NORMATIVOS!$C$1:$Z$1,0))="Consolidado")+--(INDEX(NORMATIVOS!$C$157:$Z$157,1,MATCH($B$3,NORMATIVOS!$C$1:$Z$1,0))="Consolidado")+--(INDEX(NORMATIVOS!$C$158:$Z$158,1,MATCH($B$3,NORMATIVOS!$C$1:$Z$1,0))="Consolidado")+--(INDEX(NORMATIVOS!$C$159:$Z$159,1,MATCH($B$3,NORMATIVOS!$C$1:$Z$1,0))="Consolidado")+--(INDEX(NORMATIVOS!$C$160:$Z$160,1,MATCH($B$3,NORMATIVOS!$C$1:$Z$1,0))="Consolidado")+--(INDEX(NORMATIVOS!$C$161:$Z$161,1,MATCH($B$3,NORMATIVOS!$C$1:$Z$1,0))="Consolidado")+--(INDEX(NORMATIVOS!$C$162:$Z$162,1,MATCH($B$3,NORMATIVOS!$C$1:$Z$1,0))="Consolidado")+--(INDEX(NORMATIVOS!$C$163:$Z$163,1,MATCH($B$3,NORMATIVOS!$C$1:$Z$1,0))="Consolidado")+--(INDEX(NORMATIVOS!$C$164:$Z$164,1,MATCH($B$3,NORMATIVOS!$C$1:$Z$1,0))="Consolidado")+--(INDEX(NORMATIVOS!$C$165:$Z$165,1,MATCH($B$3,NORMATIVOS!$C$1:$Z$1,0))="Consolidado")+--(INDEX(NORMATIVOS!$C$166:$Z$166,1,MATCH($B$3,NORMATIVOS!$C$1:$Z$1,0))="Consolidado")+--(INDEX(NORMATIVOS!$C$167:$Z$167,1,MATCH($B$3,NORMATIVOS!$C$1:$Z$1,0))="Consolidado")+--(INDEX(NORMATIVOS!$C$168:$Z$168,1,MATCH($B$3,NORMATIVOS!$C$1:$Z$1,0))="Consolidado")+--(INDEX(NORMATIVOS!$C$169:$Z$169,1,MATCH($B$3,NORMATIVOS!$C$1:$Z$1,0))="Consolidado")+--(INDEX(NORMATIVOS!$C$170:$Z$170,1,MATCH($B$3,NORMATIVOS!$C$1:$Z$1,0))="Consolidado")+--(INDEX(NORMATIVOS!$C$171:$Z$171,1,MATCH($B$3,NORMATIVOS!$C$1:$Z$1,0))="Consolidado")+--(INDEX(NORMATIVOS!$C$172:$Z$172,1,MATCH($B$3,NORMATIVOS!$C$1:$Z$1,0))="Consolidado") -> 4 | F16: =--(INDEX(NORMATIVOS!$C$151:$Z$151,1,MATCH($B$3,NORMATIVOS!$C$1:$Z$1,0))="En proceso")+--(INDEX(NORMATIVOS!$C$152:$Z$152,1,MATCH($B$3,NORMATIVOS!$C$1:$Z$1,0))="En proceso")+--(INDEX(NORMATIVOS!$C$153:$Z$153,1,MATCH($B$3,NORMATIVOS!$C$1:$Z$1,0))="En proceso")+--(INDEX(NORMATIVOS!$C$154:$Z$154,1,MATCH($B$3,NORMATIVOS!$C$1:$Z$1,0))="En proceso")+--(INDEX(NORMATIVOS!$C$155:$Z$155,1,MATCH($B$3,NORMATIVOS!$C$1:$Z$1,0))="En proceso")+--(INDEX(NORMATIVOS!$C$156:$Z$156,1,MATCH($B$3,NORMATIVOS!$C$1:$Z$1,0))="En proceso")+--(INDEX(NORMATIVOS!$C$157:$Z$157,1,MATCH($B$3,NORMATIVOS!$C$1:$Z$1,0))="En proceso")+--(INDEX(NORMATIVOS!$C$158:$Z$158,1,MATCH($B$3,NORMATIVOS!$C$1:$Z$1,0))="En proceso")+--(INDEX(NORMATIVOS!$C$159:$Z$159,1,MATCH($B$3,NORMATIVOS!$C$1:$Z$1,0))="En proceso")+--(INDEX(NORMATIVOS!$C$160:$Z$160,1,MATCH($B$3,NORMATIVOS!$C$1:$Z$1,0))="En proceso")+--(INDEX(NORMATIVOS!$C$161:$Z$161,1,MATCH($B$3,NORMATIVOS!$C$1:$Z$1,0))="En proceso")+--(INDEX(NORMATIVOS!$C$162:$Z$162,1,MATCH($B$3,NORMATIVOS!$C$1:$Z$1,0))="En proceso")+--(INDEX(NORMATIVOS!$C$163:$Z$163,1,MATCH($B$3,NORMATIVOS!$C$1:$Z$1,0))="En proceso")+--(INDEX(NORMATIVOS!$C$164:$Z$164,1,MATCH($B$3,NORMATIVOS!$C$1:$Z$1,0))="En proceso")+--(INDEX(NORMATIVOS!$C$165:$Z$165,1,MATCH($B$3,NORMATIVOS!$C$1:$Z$1,0))="En proceso")+--(INDEX(NORMATIVOS!$C$166:$Z$166,1,MATCH($B$3,NORMATIVOS!$C$1:$Z$1,0))="En proceso")+--(INDEX(NORMATIVOS!$C$167:$Z$167,1,MATCH($B$3,NORMATIVOS!$C$1:$Z$1,0))="En proceso")+--(INDEX(NORMATIVOS!$C$168:$Z$168,1,MATCH($B$3,NORMATIVOS!$C$1:$Z$1,0))="En proceso")+--(INDEX(NORMATIVOS!$C$169:$Z$169,1,MATCH($B$3,NORMATIVOS!$C$1:$Z$1,0))="En proceso")+--(INDEX(NORMATIVOS!$C$170:$Z$170,1,MATCH($B$3,NORMATIVOS!$C$1:$Z$1,0))="En proceso")+--(INDEX(NORMATIVOS!$C$171:$Z$171,1,MATCH($B$3,NORMATIVOS!$C$1:$Z$1,0))="En proceso")+--(INDEX(NORMATIVOS!$C$172:$Z$172,1,MATCH($B$3,NORMATIVOS!$C$1:$Z$1,0))="En proceso") -> 3 | G16: =--(INDEX(NORMATIVOS!$C$151:$Z$151,1,MATCH($B$3,NORMATIVOS!$C$1:$Z$1,0))="Proyección")+--(INDEX(NORMATIVOS!$C$152:$Z$152,1,MATCH($B$3,NORMATIVOS!$C$1:$Z$1,0))="Proyección")+--(INDEX(NORMATIVOS!$C$153:$Z$153,1,MATCH($B$3,NORMATIVOS!$C$1:$Z$1,0))="Proyección")+--(INDEX(NORMATIVOS!$C$154:$Z$154,1,MATCH($B$3,NORMATIVOS!$C$1:$Z$1,0))="Proyección")+--(INDEX(NORMATIVOS!$C$155:$Z$155,1,MATCH($B$3,NORMATIVOS!$C$1:$Z$1,0))="Proyección")+--(INDEX(NORMATIVOS!$C$156:$Z$156,1,MATCH($B$3,NORMATIVOS!$C$1:$Z$1,0))="Proyección")+--(INDEX(NORMATIVOS!$C$157:$Z$157,1,MATCH($B$3,NORMATIVOS!$C$1:$Z$1,0))="Proyección")+--(INDEX(NORMATIVOS!$C$158:$Z$158,1,MATCH($B$3,NORMATIVOS!$C$1:$Z$1,0))="Proyección")+--(INDEX(NORMATIVOS!$C$159:$Z$159,1,MATCH($B$3,NORMATIVOS!$C$1:$Z$1,0))="Proyección")+--(INDEX(NORMATIVOS!$C$160:$Z$160,1,MATCH($B$3,NORMATIVOS!$C$1:$Z$1,0))="Proyección")+--(INDEX(NORMATIVOS!$C$161:$Z$161,1,MATCH($B$3,NORMATIVOS!$C$1:$Z$1,0))="Proyección")+--(INDEX(NORMATIVOS!$C$162:$Z$162,1,MATCH($B$3,NORMATIVOS!$C$1:$Z$1,0))="Proyección")+--(INDEX(NORMATIVOS!$C$163:$Z$163,1,MATCH($B$3,NORMATIVOS!$C$1:$Z$1,0))="Proyección")+--(INDEX(NORMATIVOS!$C$164:$Z$164,1,MATCH($B$3,NORMATIVOS!$C$1:$Z$1,0))="Proyección")+--(INDEX(NORMATIVOS!$C$165:$Z$165,1,MATCH($B$3,NORMATIVOS!$C$1:$Z$1,0))="Proyección")+--(INDEX(NORMATIVOS!$C$166:$Z$166,1,MATCH($B$3,NORMATIVOS!$C$1:$Z$1,0))="Proyección")+--(INDEX(NORMATIVOS!$C$167:$Z$167,1,MATCH($B$3,NORMATIVOS!$C$1:$Z$1,0))="Proyección")+--(INDEX(NORMATIVOS!$C$168:$Z$168,1,MATCH($B$3,NORMATIVOS!$C$1:$Z$1,0))="Proyección")+--(INDEX(NORMATIVOS!$C$169:$Z$169,1,MATCH($B$3,NORMATIVOS!$C$1:$Z$1,0))="Proyección")+--(INDEX(NORMATIVOS!$C$170:$Z$170,1,MATCH($B$3,NORMATIVOS!$C$1:$Z$1,0))="Proyección")+--(INDEX(NORMATIVOS!$C$171:$Z$171,1,MATCH($B$3,NORMATIVOS!$C$1:$Z$1,0))="Proyección")+--(INDEX(NORMATIVOS!$C$172:$Z$172,1,MATCH($B$3,NORMATIVOS!$C$1:$Z$1,0))="Proyección") -> 15 | H16: =IFERROR(E16/(E16+F16+G16),0) -> 0.18181818 | I16: =IF(F16>0,CATALOGOS!$H$4,IF(G16>0,CATALOGOS!$H$5,CATALOGOS!$H$3)) -> Mesociclo
A17: =CATALOGOS!H6&" – "&CATALOGOS!I6 -> No aplica – Sin carga | B17: =COUNTIF($C$27:$C$290,CATALOGOS!G6) -> 2 | D17: ELEMENTOS EN SUSPENSION | E17: =--(INDEX(NORMATIVOS!$C$175:$Z$175,1,MATCH($B$3,NORMATIVOS!$C$1:$Z$1,0))="Consolidado")+--(INDEX(NORMATIVOS!$C$176:$Z$176,1,MATCH($B$3,NORMATIVOS!$C$1:$Z$1,0))="Consolidado")+--(INDEX(NORMATIVOS!$C$177:$Z$177,1,MATCH($B$3,NORMATIVOS!$C$1:$Z$1,0))="Consolidado")+--(INDEX(NORMATIVOS!$C$178:$Z$178,1,MATCH($B$3,NORMATIVOS!$C$1:$Z$1,0))="Consolidado")+--(INDEX(NORMATIVOS!$C$179:$Z$179,1,MATCH($B$3,NORMATIVOS!$C$1:$Z$1,0))="Consolidado")+--(INDEX(NORMATIVOS!$C$180:$Z$180,1,MATCH($B$3,NORMATIVOS!$C$1:$Z$1,0))="Consolidado")+--(INDEX(NORMATIVOS!$C$181:$Z$181,1,MATCH($B$3,NORMATIVOS!$C$1:$Z$1,0))="Consolidado")+--(INDEX(NORMATIVOS!$C$182:$Z$182,1,MATCH($B$3,NORMATIVOS!$C$1:$Z$1,0))="Consolidado")+--(INDEX(NORMATIVOS!$C$183:$Z$183,1,MATCH($B$3,NORMATIVOS!$C$1:$Z$1,0))="Consolidado")+--(INDEX(NORMATIVOS!$C$184:$Z$184,1,MATCH($B$3,NORMATIVOS!$C$1:$Z$1,0))="Consolidado")+--(INDEX(NORMATIVOS!$C$185:$Z$185,1,MATCH($B$3,NORMATIVOS!$C$1:$Z$1,0))="Consolidado")+--(INDEX(NORMATIVOS!$C$186:$Z$186,1,MATCH($B$3,NORMATIVOS!$C$1:$Z$1,0))="Consolidado")+--(INDEX(NORMATIVOS!$C$187:$Z$187,1,MATCH($B$3,NORMATIVOS!$C$1:$Z$1,0))="Consolidado")+--(INDEX(NORMATIVOS!$C$188:$Z$188,1,MATCH($B$3,NORMATIVOS!$C$1:$Z$1,0))="Consolidado")+--(INDEX(NORMATIVOS!$C$189:$Z$189,1,MATCH($B$3,NORMATIVOS!$C$1:$Z$1,0))="Consolidado")+--(INDEX(NORMATIVOS!$C$190:$Z$190,1,MATCH($B$3,NORMATIVOS!$C$1:$Z$1,0))="Consolidado")+--(INDEX(NORMATIVOS!$C$191:$Z$191,1,MATCH($B$3,NORMATIVOS!$C$1:$Z$1,0))="Consolidado")+--(INDEX(NORMATIVOS!$C$192:$Z$192,1,MATCH($B$3,NORMATIVOS!$C$1:$Z$1,0))="Consolidado") -> 9 | F17: =--(INDEX(NORMATIVOS!$C$175:$Z$175,1,MATCH($B$3,NORMATIVOS!$C$1:$Z$1,0))="En proceso")+--(INDEX(NORMATIVOS!$C$176:$Z$176,1,MATCH($B$3,NORMATIVOS!$C$1:$Z$1,0))="En proceso")+--(INDEX(NORMATIVOS!$C$177:$Z$177,1,MATCH($B$3,NORMATIVOS!$C$1:$Z$1,0))="En proceso")+--(INDEX(NORMATIVOS!$C$178:$Z$178,1,MATCH($B$3,NORMATIVOS!$C$1:$Z$1,0))="En proceso")+--(INDEX(NORMATIVOS!$C$179:$Z$179,1,MATCH($B$3,NORMATIVOS!$C$1:$Z$1,0))="En proceso")+--(INDEX(NORMATIVOS!$C$180:$Z$180,1,MATCH($B$3,NORMATIVOS!$C$1:$Z$1,0))="En proceso")+--(INDEX(NORMATIVOS!$C$181:$Z$181,1,MATCH($B$3,NORMATIVOS!$C$1:$Z$1,0))="En proceso")+--(INDEX(NORMATIVOS!$C$182:$Z$182,1,MATCH($B$3,NORMATIVOS!$C$1:$Z$1,0))="En proceso")+--(INDEX(NORMATIVOS!$C$183:$Z$183,1,MATCH($B$3,NORMATIVOS!$C$1:$Z$1,0))="En proceso")+--(INDEX(NORMATIVOS!$C$184:$Z$184,1,MATCH($B$3,NORMATIVOS!$C$1:$Z$1,0))="En proceso")+--(INDEX(NORMATIVOS!$C$185:$Z$185,1,MATCH($B$3,NORMATIVOS!$C$1:$Z$1,0))="En proceso")+--(INDEX(NORMATIVOS!$C$186:$Z$186,1,MATCH($B$3,NORMATIVOS!$C$1:$Z$1,0))="En proceso")+--(INDEX(NORMATIVOS!$C$187:$Z$187,1,MATCH($B$3,NORMATIVOS!$C$1:$Z$1,0))="En proceso")+--(INDEX(NORMATIVOS!$C$188:$Z$188,1,MATCH($B$3,NORMATIVOS!$C$1:$Z$1,0))="En proceso")+--(INDEX(NORMATIVOS!$C$189:$Z$189,1,MATCH($B$3,NORMATIVOS!$C$1:$Z$1,0))="En proceso")+--(INDEX(NORMATIVOS!$C$190:$Z$190,1,MATCH($B$3,NORMATIVOS!$C$1:$Z$1,0))="En proceso")+--(INDEX(NORMATIVOS!$C$191:$Z$191,1,MATCH($B$3,NORMATIVOS!$C$1:$Z$1,0))="En proceso")+--(INDEX(NORMATIVOS!$C$192:$Z$192,1,MATCH($B$3,NORMATIVOS!$C$1:$Z$1,0))="En proceso") -> 0 | G17: =--(INDEX(NORMATIVOS!$C$175:$Z$175,1,MATCH($B$3,NORMATIVOS!$C$1:$Z$1,0))="Proyección")+--(INDEX(NORMATIVOS!$C$176:$Z$176,1,MATCH($B$3,NORMATIVOS!$C$1:$Z$1,0))="Proyección")+--(INDEX(NORMATIVOS!$C$177:$Z$177,1,MATCH($B$3,NORMATIVOS!$C$1:$Z$1,0))="Proyección")+--(INDEX(NORMATIVOS!$C$178:$Z$178,1,MATCH($B$3,NORMATIVOS!$C$1:$Z$1,0))="Proyección")+--(INDEX(NORMATIVOS!$C$179:$Z$179,1,MATCH($B$3,NORMATIVOS!$C$1:$Z$1,0))="Proyección")+--(INDEX(NORMATIVOS!$C$180:$Z$180,1,MATCH($B$3,NORMATIVOS!$C$1:$Z$1,0))="Proyección")+--(INDEX(NORMATIVOS!$C$181:$Z$181,1,MATCH($B$3,NORMATIVOS!$C$1:$Z$1,0))="Proyección")+--(INDEX(NORMATIVOS!$C$182:$Z$182,1,MATCH($B$3,NORMATIVOS!$C$1:$Z$1,0))="Proyección")+--(INDEX(NORMATIVOS!$C$183:$Z$183,1,MATCH($B$3,NORMATIVOS!$C$1:$Z$1,0))="Proyección")+--(INDEX(NORMATIVOS!$C$184:$Z$184,1,MATCH($B$3,NORMATIVOS!$C$1:$Z$1,0))="Proyección")+--(INDEX(NORMATIVOS!$C$185:$Z$185,1,MATCH($B$3,NORMATIVOS!$C$1:$Z$1,0))="Proyección")+--(INDEX(NORMATIVOS!$C$186:$Z$186,1,MATCH($B$3,NORMATIVOS!$C$1:$Z$1,0))="Proyección")+--(INDEX(NORMATIVOS!$C$187:$Z$187,1,MATCH($B$3,NORMATIVOS!$C$1:$Z$1,0))="Proyección")+--(INDEX(NORMATIVOS!$C$188:$Z$188,1,MATCH($B$3,NORMATIVOS!$C$1:$Z$1,0))="Proyección")+--(INDEX(NORMATIVOS!$C$189:$Z$189,1,MATCH($B$3,NORMATIVOS!$C$1:$Z$1,0))="Proyección")+--(INDEX(NORMATIVOS!$C$190:$Z$190,1,MATCH($B$3,NORMATIVOS!$C$1:$Z$1,0))="Proyección")+--(INDEX(NORMATIVOS!$C$191:$Z$191,1,MATCH($B$3,NORMATIVOS!$C$1:$Z$1,0))="Proyección")+--(INDEX(NORMATIVOS!$C$192:$Z$192,1,MATCH($B$3,NORMATIVOS!$C$1:$Z$1,0))="Proyección") -> 9 | H17: =IFERROR(E17/(E17+F17+G17),0) -> 0.5 | I17: =IF(F17>0,CATALOGOS!$H$4,IF(G17>0,CATALOGOS!$H$5,CATALOGOS!$H$3)) -> Macrociclo
D18: ELEMENTOS EN APOYO | E18: =--(INDEX(NORMATIVOS!$C$193:$Z$193,1,MATCH($B$3,NORMATIVOS!$C$1:$Z$1,0))="Consolidado")+--(INDEX(NORMATIVOS!$C$194:$Z$194,1,MATCH($B$3,NORMATIVOS!$C$1:$Z$1,0))="Consolidado")+--(INDEX(NORMATIVOS!$C$195:$Z$195,1,MATCH($B$3,NORMATIVOS!$C$1:$Z$1,0))="Consolidado")+--(INDEX(NORMATIVOS!$C$196:$Z$196,1,MATCH($B$3,NORMATIVOS!$C$1:$Z$1,0))="Consolidado")+--(INDEX(NORMATIVOS!$C$197:$Z$197,1,MATCH($B$3,NORMATIVOS!$C$1:$Z$1,0))="Consolidado")+--(INDEX(NORMATIVOS!$C$198:$Z$198,1,MATCH($B$3,NORMATIVOS!$C$1:$Z$1,0))="Consolidado")+--(INDEX(NORMATIVOS!$C$199:$Z$199,1,MATCH($B$3,NORMATIVOS!$C$1:$Z$1,0))="Consolidado")+--(INDEX(NORMATIVOS!$C$200:$Z$200,1,MATCH($B$3,NORMATIVOS!$C$1:$Z$1,0))="Consolidado")+--(INDEX(NORMATIVOS!$C$201:$Z$201,1,MATCH($B$3,NORMATIVOS!$C$1:$Z$1,0))="Consolidado")+--(INDEX(NORMATIVOS!$C$202:$Z$202,1,MATCH($B$3,NORMATIVOS!$C$1:$Z$1,0))="Consolidado")+--(INDEX(NORMATIVOS!$C$203:$Z$203,1,MATCH($B$3,NORMATIVOS!$C$1:$Z$1,0))="Consolidado")+--(INDEX(NORMATIVOS!$C$204:$Z$204,1,MATCH($B$3,NORMATIVOS!$C$1:$Z$1,0))="Consolidado")+--(INDEX(NORMATIVOS!$C$205:$Z$205,1,MATCH($B$3,NORMATIVOS!$C$1:$Z$1,0))="Consolidado")+--(INDEX(NORMATIVOS!$C$206:$Z$206,1,MATCH($B$3,NORMATIVOS!$C$1:$Z$1,0))="Consolidado")+--(INDEX(NORMATIVOS!$C$207:$Z$207,1,MATCH($B$3,NORMATIVOS!$C$1:$Z$1,0))="Consolidado")+--(INDEX(NORMATIVOS!$C$208:$Z$208,1,MATCH($B$3,NORMATIVOS!$C$1:$Z$1,0))="Consolidado")+--(INDEX(NORMATIVOS!$C$209:$Z$209,1,MATCH($B$3,NORMATIVOS!$C$1:$Z$1,0))="Consolidado")+--(INDEX(NORMATIVOS!$C$210:$Z$210,1,MATCH($B$3,NORMATIVOS!$C$1:$Z$1,0))="Consolidado")+--(INDEX(NORMATIVOS!$C$211:$Z$211,1,MATCH($B$3,NORMATIVOS!$C$1:$Z$1,0))="Consolidado")+--(INDEX(NORMATIVOS!$C$212:$Z$212,1,MATCH($B$3,NORMATIVOS!$C$1:$Z$1,0))="Consolidado")+--(INDEX(NORMATIVOS!$C$213:$Z$213,1,MATCH($B$3,NORMATIVOS!$C$1:$Z$1,0))="Consolidado")+--(INDEX(NORMATIVOS!$C$214:$Z$214,1,MATCH($B$3,NORMATIVOS!$C$1:$Z$1,0))="Consolidado")+--(INDEX(NORMATIVOS!$C$215:$Z$215,1,MATCH($B$3,NORMATIVOS!$C$1:$Z$1,0))="Consolidado")+--(INDEX(NORMATIVOS!$C$216:$Z$216,1,MATCH($B$3,NORMATIVOS!$C$1:$Z$1,0))="Consolidado") -> 11 | F18: =--(INDEX(NORMATIVOS!$C$193:$Z$193,1,MATCH($B$3,NORMATIVOS!$C$1:$Z$1,0))="En proceso")+--(INDEX(NORMATIVOS!$C$194:$Z$194,1,MATCH($B$3,NORMATIVOS!$C$1:$Z$1,0))="En proceso")+--(INDEX(NORMATIVOS!$C$195:$Z$195,1,MATCH($B$3,NORMATIVOS!$C$1:$Z$1,0))="En proceso")+--(INDEX(NORMATIVOS!$C$196:$Z$196,1,MATCH($B$3,NORMATIVOS!$C$1:$Z$1,0))="En proceso")+--(INDEX(NORMATIVOS!$C$197:$Z$197,1,MATCH($B$3,NORMATIVOS!$C$1:$Z$1,0))="En proceso")+--(INDEX(NORMATIVOS!$C$198:$Z$198,1,MATCH($B$3,NORMATIVOS!$C$1:$Z$1,0))="En proceso")+--(INDEX(NORMATIVOS!$C$199:$Z$199,1,MATCH($B$3,NORMATIVOS!$C$1:$Z$1,0))="En proceso")+--(INDEX(NORMATIVOS!$C$200:$Z$200,1,MATCH($B$3,NORMATIVOS!$C$1:$Z$1,0))="En proceso")+--(INDEX(NORMATIVOS!$C$201:$Z$201,1,MATCH($B$3,NORMATIVOS!$C$1:$Z$1,0))="En proceso")+--(INDEX(NORMATIVOS!$C$202:$Z$202,1,MATCH($B$3,NORMATIVOS!$C$1:$Z$1,0))="En proceso")+--(INDEX(NORMATIVOS!$C$203:$Z$203,1,MATCH($B$3,NORMATIVOS!$C$1:$Z$1,0))="En proceso")+--(INDEX(NORMATIVOS!$C$204:$Z$204,1,MATCH($B$3,NORMATIVOS!$C$1:$Z$1,0))="En proceso")+--(INDEX(NORMATIVOS!$C$205:$Z$205,1,MATCH($B$3,NORMATIVOS!$C$1:$Z$1,0))="En proceso")+--(INDEX(NORMATIVOS!$C$206:$Z$206,1,MATCH($B$3,NORMATIVOS!$C$1:$Z$1,0))="En proceso")+--(INDEX(NORMATIVOS!$C$207:$Z$207,1,MATCH($B$3,NORMATIVOS!$C$1:$Z$1,0))="En proceso")+--(INDEX(NORMATIVOS!$C$208:$Z$208,1,MATCH($B$3,NORMATIVOS!$C$1:$Z$1,0))="En proceso")+--(INDEX(NORMATIVOS!$C$209:$Z$209,1,MATCH($B$3,NORMATIVOS!$C$1:$Z$1,0))="En proceso")+--(INDEX(NORMATIVOS!$C$210:$Z$210,1,MATCH($B$3,NORMATIVOS!$C$1:$Z$1,0))="En proceso")+--(INDEX(NORMATIVOS!$C$211:$Z$211,1,MATCH($B$3,NORMATIVOS!$C$1:$Z$1,0))="En proceso")+--(INDEX(NORMATIVOS!$C$212:$Z$212,1,MATCH($B$3,NORMATIVOS!$C$1:$Z$1,0))="En proceso")+--(INDEX(NORMATIVOS!$C$213:$Z$213,1,MATCH($B$3,NORMATIVOS!$C$1:$Z$1,0))="En proceso")+--(INDEX(NORMATIVOS!$C$214:$Z$214,1,MATCH($B$3,NORMATIVOS!$C$1:$Z$1,0))="En proceso")+--(INDEX(NORMATIVOS!$C$215:$Z$215,1,MATCH($B$3,NORMATIVOS!$C$1:$Z$1,0))="En proceso")+--(INDEX(NORMATIVOS!$C$216:$Z$216,1,MATCH($B$3,NORMATIVOS!$C$1:$Z$1,0))="En proceso") -> 2 | G18: =--(INDEX(NORMATIVOS!$C$193:$Z$193,1,MATCH($B$3,NORMATIVOS!$C$1:$Z$1,0))="Proyección")+--(INDEX(NORMATIVOS!$C$194:$Z$194,1,MATCH($B$3,NORMATIVOS!$C$1:$Z$1,0))="Proyección")+--(INDEX(NORMATIVOS!$C$195:$Z$195,1,MATCH($B$3,NORMATIVOS!$C$1:$Z$1,0))="Proyección")+--(INDEX(NORMATIVOS!$C$196:$Z$196,1,MATCH($B$3,NORMATIVOS!$C$1:$Z$1,0))="Proyección")+--(INDEX(NORMATIVOS!$C$197:$Z$197,1,MATCH($B$3,NORMATIVOS!$C$1:$Z$1,0))="Proyección")+--(INDEX(NORMATIVOS!$C$198:$Z$198,1,MATCH($B$3,NORMATIVOS!$C$1:$Z$1,0))="Proyección")+--(INDEX(NORMATIVOS!$C$199:$Z$199,1,MATCH($B$3,NORMATIVOS!$C$1:$Z$1,0))="Proyección")+--(INDEX(NORMATIVOS!$C$200:$Z$200,1,MATCH($B$3,NORMATIVOS!$C$1:$Z$1,0))="Proyección")+--(INDEX(NORMATIVOS!$C$201:$Z$201,1,MATCH($B$3,NORMATIVOS!$C$1:$Z$1,0))="Proyección")+--(INDEX(NORMATIVOS!$C$202:$Z$202,1,MATCH($B$3,NORMATIVOS!$C$1:$Z$1,0))="Proyección")+--(INDEX(NORMATIVOS!$C$203:$Z$203,1,MATCH($B$3,NORMATIVOS!$C$1:$Z$1,0))="Proyección")+--(INDEX(NORMATIVOS!$C$204:$Z$204,1,MATCH($B$3,NORMATIVOS!$C$1:$Z$1,0))="Proyección")+--(INDEX(NORMATIVOS!$C$205:$Z$205,1,MATCH($B$3,NORMATIVOS!$C$1:$Z$1,0))="Proyección")+--(INDEX(NORMATIVOS!$C$206:$Z$206,1,MATCH($B$3,NORMATIVOS!$C$1:$Z$1,0))="Proyección")+--(INDEX(NORMATIVOS!$C$207:$Z$207,1,MATCH($B$3,NORMATIVOS!$C$1:$Z$1,0))="Proyección")+--(INDEX(NORMATIVOS!$C$208:$Z$208,1,MATCH($B$3,NORMATIVOS!$C$1:$Z$1,0))="Proyección")+--(INDEX(NORMATIVOS!$C$209:$Z$209,1,MATCH($B$3,NORMATIVOS!$C$1:$Z$1,0))="Proyección")+--(INDEX(NORMATIVOS!$C$210:$Z$210,1,MATCH($B$3,NORMATIVOS!$C$1:$Z$1,0))="Proyección")+--(INDEX(NORMATIVOS!$C$211:$Z$211,1,MATCH($B$3,NORMATIVOS!$C$1:$Z$1,0))="Proyección")+--(INDEX(NORMATIVOS!$C$212:$Z$212,1,MATCH($B$3,NORMATIVOS!$C$1:$Z$1,0))="Proyección")+--(INDEX(NORMATIVOS!$C$213:$Z$213,1,MATCH($B$3,NORMATIVOS!$C$1:$Z$1,0))="Proyección")+--(INDEX(NORMATIVOS!$C$214:$Z$214,1,MATCH($B$3,NORMATIVOS!$C$1:$Z$1,0))="Proyección")+--(INDEX(NORMATIVOS!$C$215:$Z$215,1,MATCH($B$3,NORMATIVOS!$C$1:$Z$1,0))="Proyección")+--(INDEX(NORMATIVOS!$C$216:$Z$216,1,MATCH($B$3,NORMATIVOS!$C$1:$Z$1,0))="Proyección") -> 11 | H18: =IFERROR(E18/(E18+F18+G18),0) -> 0.45833333 | I18: =IF(F18>0,CATALOGOS!$H$4,IF(G18>0,CATALOGOS!$H$5,CATALOGOS!$H$3)) -> Mesociclo
D19: ELEMENTOS EN APOYO BRAQUIAL | E19: =--(INDEX(NORMATIVOS!$C$217:$Z$217,1,MATCH($B$3,NORMATIVOS!$C$1:$Z$1,0))="Consolidado")+--(INDEX(NORMATIVOS!$C$218:$Z$218,1,MATCH($B$3,NORMATIVOS!$C$1:$Z$1,0))="Consolidado")+--(INDEX(NORMATIVOS!$C$219:$Z$219,1,MATCH($B$3,NORMATIVOS!$C$1:$Z$1,0))="Consolidado")+--(INDEX(NORMATIVOS!$C$220:$Z$220,1,MATCH($B$3,NORMATIVOS!$C$1:$Z$1,0))="Consolidado")+--(INDEX(NORMATIVOS!$C$221:$Z$221,1,MATCH($B$3,NORMATIVOS!$C$1:$Z$1,0))="Consolidado")+--(INDEX(NORMATIVOS!$C$222:$Z$222,1,MATCH($B$3,NORMATIVOS!$C$1:$Z$1,0))="Consolidado")+--(INDEX(NORMATIVOS!$C$223:$Z$223,1,MATCH($B$3,NORMATIVOS!$C$1:$Z$1,0))="Consolidado")+--(INDEX(NORMATIVOS!$C$224:$Z$224,1,MATCH($B$3,NORMATIVOS!$C$1:$Z$1,0))="Consolidado")+--(INDEX(NORMATIVOS!$C$225:$Z$225,1,MATCH($B$3,NORMATIVOS!$C$1:$Z$1,0))="Consolidado")+--(INDEX(NORMATIVOS!$C$226:$Z$226,1,MATCH($B$3,NORMATIVOS!$C$1:$Z$1,0))="Consolidado")+--(INDEX(NORMATIVOS!$C$227:$Z$227,1,MATCH($B$3,NORMATIVOS!$C$1:$Z$1,0))="Consolidado")+--(INDEX(NORMATIVOS!$C$228:$Z$228,1,MATCH($B$3,NORMATIVOS!$C$1:$Z$1,0))="Consolidado")+--(INDEX(NORMATIVOS!$C$229:$Z$229,1,MATCH($B$3,NORMATIVOS!$C$1:$Z$1,0))="Consolidado") -> 3 | F19: =--(INDEX(NORMATIVOS!$C$217:$Z$217,1,MATCH($B$3,NORMATIVOS!$C$1:$Z$1,0))="En proceso")+--(INDEX(NORMATIVOS!$C$218:$Z$218,1,MATCH($B$3,NORMATIVOS!$C$1:$Z$1,0))="En proceso")+--(INDEX(NORMATIVOS!$C$219:$Z$219,1,MATCH($B$3,NORMATIVOS!$C$1:$Z$1,0))="En proceso")+--(INDEX(NORMATIVOS!$C$220:$Z$220,1,MATCH($B$3,NORMATIVOS!$C$1:$Z$1,0))="En proceso")+--(INDEX(NORMATIVOS!$C$221:$Z$221,1,MATCH($B$3,NORMATIVOS!$C$1:$Z$1,0))="En proceso")+--(INDEX(NORMATIVOS!$C$222:$Z$222,1,MATCH($B$3,NORMATIVOS!$C$1:$Z$1,0))="En proceso")+--(INDEX(NORMATIVOS!$C$223:$Z$223,1,MATCH($B$3,NORMATIVOS!$C$1:$Z$1,0))="En proceso")+--(INDEX(NORMATIVOS!$C$224:$Z$224,1,MATCH($B$3,NORMATIVOS!$C$1:$Z$1,0))="En proceso")+--(INDEX(NORMATIVOS!$C$225:$Z$225,1,MATCH($B$3,NORMATIVOS!$C$1:$Z$1,0))="En proceso")+--(INDEX(NORMATIVOS!$C$226:$Z$226,1,MATCH($B$3,NORMATIVOS!$C$1:$Z$1,0))="En proceso")+--(INDEX(NORMATIVOS!$C$227:$Z$227,1,MATCH($B$3,NORMATIVOS!$C$1:$Z$1,0))="En proceso")+--(INDEX(NORMATIVOS!$C$228:$Z$228,1,MATCH($B$3,NORMATIVOS!$C$1:$Z$1,0))="En proceso")+--(INDEX(NORMATIVOS!$C$229:$Z$229,1,MATCH($B$3,NORMATIVOS!$C$1:$Z$1,0))="En proceso") -> 2 | G19: =--(INDEX(NORMATIVOS!$C$217:$Z$217,1,MATCH($B$3,NORMATIVOS!$C$1:$Z$1,0))="Proyección")+--(INDEX(NORMATIVOS!$C$218:$Z$218,1,MATCH($B$3,NORMATIVOS!$C$1:$Z$1,0))="Proyección")+--(INDEX(NORMATIVOS!$C$219:$Z$219,1,MATCH($B$3,NORMATIVOS!$C$1:$Z$1,0))="Proyección")+--(INDEX(NORMATIVOS!$C$220:$Z$220,1,MATCH($B$3,NORMATIVOS!$C$1:$Z$1,0))="Proyección")+--(INDEX(NORMATIVOS!$C$221:$Z$221,1,MATCH($B$3,NORMATIVOS!$C$1:$Z$1,0))="Proyección")+--(INDEX(NORMATIVOS!$C$222:$Z$222,1,MATCH($B$3,NORMATIVOS!$C$1:$Z$1,0))="Proyección")+--(INDEX(NORMATIVOS!$C$223:$Z$223,1,MATCH($B$3,NORMATIVOS!$C$1:$Z$1,0))="Proyección")+--(INDEX(NORMATIVOS!$C$224:$Z$224,1,MATCH($B$3,NORMATIVOS!$C$1:$Z$1,0))="Proyección")+--(INDEX(NORMATIVOS!$C$225:$Z$225,1,MATCH($B$3,NORMATIVOS!$C$1:$Z$1,0))="Proyección")+--(INDEX(NORMATIVOS!$C$226:$Z$226,1,MATCH($B$3,NORMATIVOS!$C$1:$Z$1,0))="Proyección")+--(INDEX(NORMATIVOS!$C$227:$Z$227,1,MATCH($B$3,NORMATIVOS!$C$1:$Z$1,0))="Proyección")+--(INDEX(NORMATIVOS!$C$228:$Z$228,1,MATCH($B$3,NORMATIVOS!$C$1:$Z$1,0))="Proyección")+--(INDEX(NORMATIVOS!$C$229:$Z$229,1,MATCH($B$3,NORMATIVOS!$C$1:$Z$1,0))="Proyección") -> 8 | H19: =IFERROR(E19/(E19+F19+G19),0) -> 0.23076923 | I19: =IF(F19>0,CATALOGOS!$H$4,IF(G19>0,CATALOGOS!$H$5,CATALOGOS!$H$3)) -> Mesociclo
D20: ELEMENTOS DE VUELO Y SOLTADAS | E20: =--(INDEX(NORMATIVOS!$C$232:$Z$232,1,MATCH($B$3,NORMATIVOS!$C$1:$Z$1,0))="Consolidado")+--(INDEX(NORMATIVOS!$C$233:$Z$233,1,MATCH($B$3,NORMATIVOS!$C$1:$Z$1,0))="Consolidado")+--(INDEX(NORMATIVOS!$C$234:$Z$234,1,MATCH($B$3,NORMATIVOS!$C$1:$Z$1,0))="Consolidado")+--(INDEX(NORMATIVOS!$C$235:$Z$235,1,MATCH($B$3,NORMATIVOS!$C$1:$Z$1,0))="Consolidado")+--(INDEX(NORMATIVOS!$C$236:$Z$236,1,MATCH($B$3,NORMATIVOS!$C$1:$Z$1,0))="Consolidado")+--(INDEX(NORMATIVOS!$C$237:$Z$237,1,MATCH($B$3,NORMATIVOS!$C$1:$Z$1,0))="Consolidado")+--(INDEX(NORMATIVOS!$C$238:$Z$238,1,MATCH($B$3,NORMATIVOS!$C$1:$Z$1,0))="Consolidado")+--(INDEX(NORMATIVOS!$C$239:$Z$239,1,MATCH($B$3,NORMATIVOS!$C$1:$Z$1,0))="Consolidado")+--(INDEX(NORMATIVOS!$C$240:$Z$240,1,MATCH($B$3,NORMATIVOS!$C$1:$Z$1,0))="Consolidado")+--(INDEX(NORMATIVOS!$C$241:$Z$241,1,MATCH($B$3,NORMATIVOS!$C$1:$Z$1,0))="Consolidado")+--(INDEX(NORMATIVOS!$C$242:$Z$242,1,MATCH($B$3,NORMATIVOS!$C$1:$Z$1,0))="Consolidado")+--(INDEX(NORMATIVOS!$C$243:$Z$243,1,MATCH($B$3,NORMATIVOS!$C$1:$Z$1,0))="Consolidado")+--(INDEX(NORMATIVOS!$C$244:$Z$244,1,MATCH($B$3,NORMATIVOS!$C$1:$Z$1,0))="Consolidado")+--(INDEX(NORMATIVOS!$C$245:$Z$245,1,MATCH($B$3,NORMATIVOS!$C$1:$Z$1,0))="Consolidado")+--(INDEX(NORMATIVOS!$C$246:$Z$246,1,MATCH($B$3,NORMATIVOS!$C$1:$Z$1,0))="Consolidado")+--(INDEX(NORMATIVOS!$C$247:$Z$247,1,MATCH($B$3,NORMATIVOS!$C$1:$Z$1,0))="Consolidado")+--(INDEX(NORMATIVOS!$C$248:$Z$248,1,MATCH($B$3,NORMATIVOS!$C$1:$Z$1,0))="Consolidado")+--(INDEX(NORMATIVOS!$C$249:$Z$249,1,MATCH($B$3,NORMATIVOS!$C$1:$Z$1,0))="Consolidado")+--(INDEX(NORMATIVOS!$C$250:$Z$250,1,MATCH($B$3,NORMATIVOS!$C$1:$Z$1,0))="Consolidado")+--(INDEX(NORMATIVOS!$C$251:$Z$251,1,MATCH($B$3,NORMATIVOS!$C$1:$Z$1,0))="Consolidado")+--(INDEX(NORMATIVOS!$C$252:$Z$252,1,MATCH($B$3,NORMATIVOS!$C$1:$Z$1,0))="Consolidado")+--(INDEX(NORMATIVOS!$C$253:$Z$253,1,MATCH($B$3,NORMATIVOS!$C$1:$Z$1,0))="Consolidado")+--(INDEX(NORMATIVOS!$C$254:$Z$254,1,MATCH($B$3,NORMATIVOS!$C$1:$Z$1,0))="Consolidado")+--(INDEX(NORMATIVOS!$C$255:$Z$255,1,MATCH($B$3,NORMATIVOS!$C$1:$Z$1,0))="Consolidado")+--(INDEX(NORMATIVOS!$C$256:$Z$256,1,MATCH($B$3,NORMATIVOS!$C$1:$Z$1,0))="Consolidado")+--(INDEX(NORMATIVOS!$C$257:$Z$257,1,MATCH($B$3,NORMATIVOS!$C$1:$Z$1,0))="Consolidado")+--(INDEX(NORMATIVOS!$C$258:$Z$258,1,MATCH($B$3,NORMATIVOS!$C$1:$Z$1,0))="Consolidado")+--(INDEX(NORMATIVOS!$C$259:$Z$259,1,MATCH($B$3,NORMATIVOS!$C$1:$Z$1,0))="Consolidado") -> 15 | F20: =--(INDEX(NORMATIVOS!$C$232:$Z$232,1,MATCH($B$3,NORMATIVOS!$C$1:$Z$1,0))="En proceso")+--(INDEX(NORMATIVOS!$C$233:$Z$233,1,MATCH($B$3,NORMATIVOS!$C$1:$Z$1,0))="En proceso")+--(INDEX(NORMATIVOS!$C$234:$Z$234,1,MATCH($B$3,NORMATIVOS!$C$1:$Z$1,0))="En proceso")+--(INDEX(NORMATIVOS!$C$235:$Z$235,1,MATCH($B$3,NORMATIVOS!$C$1:$Z$1,0))="En proceso")+--(INDEX(NORMATIVOS!$C$236:$Z$236,1,MATCH($B$3,NORMATIVOS!$C$1:$Z$1,0))="En proceso")+--(INDEX(NORMATIVOS!$C$237:$Z$237,1,MATCH($B$3,NORMATIVOS!$C$1:$Z$1,0))="En proceso")+--(INDEX(NORMATIVOS!$C$238:$Z$238,1,MATCH($B$3,NORMATIVOS!$C$1:$Z$1,0))="En proceso")+--(INDEX(NORMATIVOS!$C$239:$Z$239,1,MATCH($B$3,NORMATIVOS!$C$1:$Z$1,0))="En proceso")+--(INDEX(NORMATIVOS!$C$240:$Z$240,1,MATCH($B$3,NORMATIVOS!$C$1:$Z$1,0))="En proceso")+--(INDEX(NORMATIVOS!$C$241:$Z$241,1,MATCH($B$3,NORMATIVOS!$C$1:$Z$1,0))="En proceso")+--(INDEX(NORMATIVOS!$C$242:$Z$242,1,MATCH($B$3,NORMATIVOS!$C$1:$Z$1,0))="En proceso")+--(INDEX(NORMATIVOS!$C$243:$Z$243,1,MATCH($B$3,NORMATIVOS!$C$1:$Z$1,0))="En proceso")+--(INDEX(NORMATIVOS!$C$244:$Z$244,1,MATCH($B$3,NORMATIVOS!$C$1:$Z$1,0))="En proceso")+--(INDEX(NORMATIVOS!$C$245:$Z$245,1,MATCH($B$3,NORMATIVOS!$C$1:$Z$1,0))="En proceso")+--(INDEX(NORMATIVOS!$C$246:$Z$246,1,MATCH($B$3,NORMATIVOS!$C$1:$Z$1,0))="En proceso")+--(INDEX(NORMATIVOS!$C$247:$Z$247,1,MATCH($B$3,NORMATIVOS!$C$1:$Z$1,0))="En proceso")+--(INDEX(NORMATIVOS!$C$248:$Z$248,1,MATCH($B$3,NORMATIVOS!$C$1:$Z$1,0))="En proceso")+--(INDEX(NORMATIVOS!$C$249:$Z$249,1,MATCH($B$3,NORMATIVOS!$C$1:$Z$1,0))="En proceso")+--(INDEX(NORMATIVOS!$C$250:$Z$250,1,MATCH($B$3,NORMATIVOS!$C$1:$Z$1,0))="En proceso")+--(INDEX(NORMATIVOS!$C$251:$Z$251,1,MATCH($B$3,NORMATIVOS!$C$1:$Z$1,0))="En proceso")+--(INDEX(NORMATIVOS!$C$252:$Z$252,1,MATCH($B$3,NORMATIVOS!$C$1:$Z$1,0))="En proceso")+--(INDEX(NORMATIVOS!$C$253:$Z$253,1,MATCH($B$3,NORMATIVOS!$C$1:$Z$1,0))="En proceso")+--(INDEX(NORMATIVOS!$C$254:$Z$254,1,MATCH($B$3,NORMATIVOS!$C$1:$Z$1,0))="En proceso")+--(INDEX(NORMATIVOS!$C$255:$Z$255,1,MATCH($B$3,NORMATIVOS!$C$1:$Z$1,0))="En proceso")+--(INDEX(NORMATIVOS!$C$256:$Z$256,1,MATCH($B$3,NORMATIVOS!$C$1:$Z$1,0))="En proceso")+--(INDEX(NORMATIVOS!$C$257:$Z$257,1,MATCH($B$3,NORMATIVOS!$C$1:$Z$1,0))="En proceso")+--(INDEX(NORMATIVOS!$C$258:$Z$258,1,MATCH($B$3,NORMATIVOS!$C$1:$Z$1,0))="En proceso")+--(INDEX(NORMATIVOS!$C$259:$Z$259,1,MATCH($B$3,NORMATIVOS!$C$1:$Z$1,0))="En proceso") -> 0 | G20: =--(INDEX(NORMATIVOS!$C$232:$Z$232,1,MATCH($B$3,NORMATIVOS!$C$1:$Z$1,0))="Proyección")+--(INDEX(NORMATIVOS!$C$233:$Z$233,1,MATCH($B$3,NORMATIVOS!$C$1:$Z$1,0))="Proyección")+--(INDEX(NORMATIVOS!$C$234:$Z$234,1,MATCH($B$3,NORMATIVOS!$C$1:$Z$1,0))="Proyección")+--(INDEX(NORMATIVOS!$C$235:$Z$235,1,MATCH($B$3,NORMATIVOS!$C$1:$Z$1,0))="Proyección")+--(INDEX(NORMATIVOS!$C$236:$Z$236,1,MATCH($B$3,NORMATIVOS!$C$1:$Z$1,0))="Proyección")+--(INDEX(NORMATIVOS!$C$237:$Z$237,1,MATCH($B$3,NORMATIVOS!$C$1:$Z$1,0))="Proyección")+--(INDEX(NORMATIVOS!$C$238:$Z$238,1,MATCH($B$3,NORMATIVOS!$C$1:$Z$1,0))="Proyección")+--(INDEX(NORMATIVOS!$C$239:$Z$239,1,MATCH($B$3,NORMATIVOS!$C$1:$Z$1,0))="Proyección")+--(INDEX(NORMATIVOS!$C$240:$Z$240,1,MATCH($B$3,NORMATIVOS!$C$1:$Z$1,0))="Proyección")+--(INDEX(NORMATIVOS!$C$241:$Z$241,1,MATCH($B$3,NORMATIVOS!$C$1:$Z$1,0))="Proyección")+--(INDEX(NORMATIVOS!$C$242:$Z$242,1,MATCH($B$3,NORMATIVOS!$C$1:$Z$1,0))="Proyección")+--(INDEX(NORMATIVOS!$C$243:$Z$243,1,MATCH($B$3,NORMATIVOS!$C$1:$Z$1,0))="Proyección")+--(INDEX(NORMATIVOS!$C$244:$Z$244,1,MATCH($B$3,NORMATIVOS!$C$1:$Z$1,0))="Proyección")+--(INDEX(NORMATIVOS!$C$245:$Z$245,1,MATCH($B$3,NORMATIVOS!$C$1:$Z$1,0))="Proyección")+--(INDEX(NORMATIVOS!$C$246:$Z$246,1,MATCH($B$3,NORMATIVOS!$C$1:$Z$1,0))="Proyección")+--(INDEX(NORMATIVOS!$C$247:$Z$247,1,MATCH($B$3,NORMATIVOS!$C$1:$Z$1,0))="Proyección")+--(INDEX(NORMATIVOS!$C$248:$Z$248,1,MATCH($B$3,NORMATIVOS!$C$1:$Z$1,0))="Proyección")+--(INDEX(NORMATIVOS!$C$249:$Z$249,1,MATCH($B$3,NORMATIVOS!$C$1:$Z$1,0))="Proyección")+--(INDEX(NORMATIVOS!$C$250:$Z$250,1,MATCH($B$3,NORMATIVOS!$C$1:$Z$1,0))="Proyección")+--(INDEX(NORMATIVOS!$C$251:$Z$251,1,MATCH($B$3,NORMATIVOS!$C$1:$Z$1,0))="Proyección")+--(INDEX(NORMATIVOS!$C$252:$Z$252,1,MATCH($B$3,NORMATIVOS!$C$1:$Z$1,0))="Proyección")+--(INDEX(NORMATIVOS!$C$253:$Z$253,1,MATCH($B$3,NORMATIVOS!$C$1:$Z$1,0))="Proyección")+--(INDEX(NORMATIVOS!$C$254:$Z$254,1,MATCH($B$3,NORMATIVOS!$C$1:$Z$1,0))="Proyección")+--(INDEX(NORMATIVOS!$C$255:$Z$255,1,MATCH($B$3,NORMATIVOS!$C$1:$Z$1,0))="Proyección")+--(INDEX(NORMATIVOS!$C$256:$Z$256,1,MATCH($B$3,NORMATIVOS!$C$1:$Z$1,0))="Proyección")+--(INDEX(NORMATIVOS!$C$257:$Z$257,1,MATCH($B$3,NORMATIVOS!$C$1:$Z$1,0))="Proyección")+--(INDEX(NORMATIVOS!$C$258:$Z$258,1,MATCH($B$3,NORMATIVOS!$C$1:$Z$1,0))="Proyección")+--(INDEX(NORMATIVOS!$C$259:$Z$259,1,MATCH($B$3,NORMATIVOS!$C$1:$Z$1,0))="Proyección") -> 13 | H20: =IFERROR(E20/(E20+F20+G20),0) -> 0.53571429 | I20: =IF(F20>0,CATALOGOS!$H$4,IF(G20>0,CATALOGOS!$H$5,CATALOGOS!$H$3)) -> Macrociclo
